media_id	organism_interaction_id	subject_category	subject_category_iri	subject_category_source	subject_part_literal	subject_part	subject_orientation_literal	subject_orientation	physical_setting
https://inaturalist-open-data.s3.amazonaws.com/photos/2156910/medium.jpg	de4e24d2-c28c-43bf-839f-0e56991bbc57	organism interaction							
https://inaturalist-open-data.s3.amazonaws.com/photos/3536791/medium.jpg	2f6f8b8f-5740-4681-85f4-ea7284691b9d	organism interaction							
https://static.inaturalist.org/photos/3536795/medium.jpg	53099423-1beb-41fe-9d33-7532c60974c1	organism interaction							
https://inaturalist-open-data.s3.amazonaws.com/photos/7722979/medium.jpg	d7de493a-decc-4df4-a105-c36224d81797	organism interaction							
https://inaturalist-open-data.s3.amazonaws.com/photos/7732852/medium.jpg	4d016ed5-902e-4e00-b2e7-f30255ffe60a	organism interaction							
https://inaturalist-open-data.s3.amazonaws.com/photos/33120103/medium.jpg	fe8d0465-f4b1-4b76-adc9-ff450764f55c	organism interaction							
https://inaturalist-open-data.s3.amazonaws.com/photos/33822901/medium.jpg	f849ed35-57ff-4e6e-bdc3-db637df9045f	organism interaction							
https://inaturalist-open-data.s3.amazonaws.com/photos/33964729/medium.jpeg	e7587a59-2c94-49b6-b128-c6cd3a210308	organism interaction							
https://inaturalist-open-data.s3.amazonaws.com/photos/34674979/medium.jpeg	76ea0535-6a71-439f-a509-0c8462163e57	organism interaction							
https://inaturalist-open-data.s3.amazonaws.com/photos/35448877/medium.jpg	7245cf47-c466-4f59-8203-e6437bd43cc5	organism interaction							
https://inaturalist-open-data.s3.amazonaws.com/photos/35633162/medium.jpg	723ce58f-f72b-4658-a0f1-24b4b3f3a286	organism interaction							
https://inaturalist-open-data.s3.amazonaws.com/photos/35633258/medium.jpg	68626545-2a7e-406e-a6be-40c4b93909ec	organism interaction							
https://inaturalist-open-data.s3.amazonaws.com/photos/35633326/medium.jpg	6f80136e-2cd7-4eb3-8037-6e6eb7cd9b8b	organism interaction							
https://inaturalist-open-data.s3.amazonaws.com/photos/35652777/medium.jpg	b2d37712-afcd-40e3-b621-4cfed227ef40	organism interaction							
https://inaturalist-open-data.s3.amazonaws.com/photos/35716820/medium.jpg	088fec6c-c30b-416b-a3f7-f4687e9c25a0	organism interaction							
https://inaturalist-open-data.s3.amazonaws.com/photos/35716911/medium.jpg	0d026db1-b201-4de4-9dfa-b6ce4c0a6a9e	organism interaction							
https://inaturalist-open-data.s3.amazonaws.com/photos/38839529/medium.jpg	2f25ecc0-5e85-4207-8280-94b6b5a95fa2	organism interaction							
https://inaturalist-open-data.s3.amazonaws.com/photos/38839586/medium.jpg	092ed54d-29d7-427d-9776-b6b548b1b8d9	organism interaction							
https://inaturalist-open-data.s3.amazonaws.com/photos/38841709/medium.jpg	d21ebf3a-efa3-44d2-9ab6-16677351c7ed	organism interaction							
https://inaturalist-open-data.s3.amazonaws.com/photos/38841832/medium.jpg	f800c83d-1bd4-4815-bedf-e331a1f76584	organism interaction							
https://inaturalist-open-data.s3.amazonaws.com/photos/38843700/medium.jpg	65fd4cc0-5210-4e1a-9a14-846efa7b700b	organism interaction							
https://inaturalist-open-data.s3.amazonaws.com/photos/41213029/medium.jpg	9c1caff0-ff11-43f8-aaf6-df1d22f8ff1e	organism interaction							
https://inaturalist-open-data.s3.amazonaws.com/photos/41213046/medium.jpg	8dbed6ab-62fb-4a3d-ba1b-a90a1fa0de67	organism interaction							
https://inaturalist-open-data.s3.amazonaws.com/photos/41213052/medium.jpg	70544c7f-d9c7-42b8-8f34-b28ee894d2c2	organism interaction							
https://inaturalist-open-data.s3.amazonaws.com/photos/41213067/medium.jpg	8355bdf6-999a-4019-b307-83925bae02fa	organism interaction							
https://inaturalist-open-data.s3.amazonaws.com/photos/41213074/medium.jpg	873a8b50-5836-4459-9eec-f6c64f1ceeb0	organism interaction							
https://inaturalist-open-data.s3.amazonaws.com/photos/41213092/medium.jpg	49717a44-5013-4232-8d8c-0018e363e507	organism interaction							
https://inaturalist-open-data.s3.amazonaws.com/photos/41213114/medium.jpg	57e99fc0-6fd9-42f6-be87-b9951a0572b5	organism interaction							
https://inaturalist-open-data.s3.amazonaws.com/photos/41213123/medium.jpg	3bdccba6-b41f-41d7-9c8a-e5eda776ffae	organism interaction							
https://inaturalist-open-data.s3.amazonaws.com/photos/41214214/medium.jpg	9466db38-5912-405d-9229-303741dfdccf	organism interaction							
https://inaturalist-open-data.s3.amazonaws.com/photos/44027921/medium.jpg	9152c2c1-d3a4-456c-9dd9-f08b20c661fa	organism interaction							
https://inaturalist-open-data.s3.amazonaws.com/photos/44028487/medium.jpeg	484446a3-45f2-45f0-8e4b-4963974fe319	organism interaction							
https://inaturalist-open-data.s3.amazonaws.com/photos/57621243/medium.jpg	1429e4b8-91d8-4f55-af87-8be401914ce3	organism interaction							
https://inaturalist-open-data.s3.amazonaws.com/photos/76217507/medium.jpg	b37a49ad-2549-4bd7-8a6a-a093804a2421	organism interaction							
https://inaturalist-open-data.s3.amazonaws.com/photos/76217620/medium.jpg	29c2cdd6-cd4f-481a-9fa2-a45d01924dd4	organism interaction							
https://inaturalist-open-data.s3.amazonaws.com/photos/77533947/medium.jpeg	1913545a-e28f-4011-866a-fca0fd6c9f1f	organism interaction							
https://inaturalist-open-data.s3.amazonaws.com/photos/78078754/medium.jpg	4a51cff4-37f3-4257-b886-e9ee33b17fce	organism interaction							
https://inaturalist-open-data.s3.amazonaws.com/photos/78078766/medium.jpeg	920932ac-fd5e-425d-a9f8-b5979222584e	organism interaction							
https://inaturalist-open-data.s3.amazonaws.com/photos/78078875/medium.jpeg	7ba68976-c142-4e8c-8e16-03d8c0f80355	organism interaction							
https://inaturalist-open-data.s3.amazonaws.com/photos/78078852/medium.jpeg	cf147b4b-b7db-4ba1-be77-fdcee38a831f	organism interaction							
https://inaturalist-open-data.s3.amazonaws.com/photos/78078886/medium.jpeg	26bb4bde-855a-429d-bdd4-fe7b9e35d469	organism interaction							
https://inaturalist-open-data.s3.amazonaws.com/photos/79176589/medium.jpg	ca896b66-016c-40e4-ae2c-10969fa04712	organism interaction							
https://inaturalist-open-data.s3.amazonaws.com/photos/79486691/medium.jpeg	4dc4a246-3db7-4337-b1c9-5ee657bec76a	organism interaction							
https://inaturalist-open-data.s3.amazonaws.com/photos/79878801/medium.jpg	0aa2b617-2716-4db5-b4db-5bdf73cd3b4c	organism interaction							
https://inaturalist-open-data.s3.amazonaws.com/photos/79878892/medium.jpg	aa0468ec-4ba4-4cf3-b9c6-d6609e2ba539	organism interaction							
https://inaturalist-open-data.s3.amazonaws.com/photos/80700209/medium.jpg	ee61b43a-5dab-4b1e-af0e-da61afaabe4e	organism interaction							
https://inaturalist-open-data.s3.amazonaws.com/photos/80712713/medium.jpg	b02a6481-a6b8-4725-99ee-15099bb7c084	organism interaction							
https://inaturalist-open-data.s3.amazonaws.com/photos/80713130/medium.jpg	a523330b-8371-4949-b98d-d3f6e64efda6	organism interaction							
https://inaturalist-open-data.s3.amazonaws.com/photos/80713198/medium.jpg	c9f1f47b-cca3-40db-abb0-7f50a4305cad	organism interaction							
https://inaturalist-open-data.s3.amazonaws.com/photos/80713355/medium.jpg	3c0ad6f4-96bf-4553-880b-63a301019e5f	organism interaction							
https://inaturalist-open-data.s3.amazonaws.com/photos/80713473/medium.jpeg	8bf2503f-8c1d-4181-a64d-c02e1dd76017	organism interaction							
https://inaturalist-open-data.s3.amazonaws.com/photos/92986626/medium.jpeg	0c61f5c4-5107-4240-92a3-e2668ec1e897	organism interaction							
https://inaturalist-open-data.s3.amazonaws.com/photos/92991916/medium.jpeg	a0cc7d1c-d7f9-4b30-b3d8-dbc943745933	organism interaction							
https://inaturalist-open-data.s3.amazonaws.com/photos/93121744/medium.jpeg	73186696-6af7-4f60-9a6a-df76372d0a9d	organism interaction							
https://inaturalist-open-data.s3.amazonaws.com/photos/93122599/medium.jpeg	fc304987-2baa-4012-9188-deff2498851d	organism interaction							
https://inaturalist-open-data.s3.amazonaws.com/photos/93123891/medium.jpeg	b77cd4d9-fa9a-4ec2-95a8-4aa88bd3766e	organism interaction							
https://inaturalist-open-data.s3.amazonaws.com/photos/93124759/medium.jpeg	2688310d-f178-4f16-a6db-677ae5f38e57	organism interaction							
https://static.inaturalist.org/photos/96708617/medium.jpg	85995b04-4d60-4afb-9893-b5ea5a7cffa4	organism interaction							
https://static.inaturalist.org/photos/97189739/medium.jpg	0c33decc-fa7b-4dae-945a-824499d5eac9	organism interaction							
https://static.inaturalist.org/photos/97190284/medium.jpg	6aa86d3d-f077-457d-a193-475949940e2e	organism interaction							
https://static.inaturalist.org/photos/97400709/medium.jpg	c962615d-3249-403a-8d88-aaa523c3a1f5	organism interaction							
https://static.inaturalist.org/photos/97646534/medium.jpg	1b3f73b8-13bd-477a-9f00-c0d978f7c314	organism interaction							
https://static.inaturalist.org/photos/97648583/medium.jpg	72e3c919-a6e1-48b0-9120-f02768ff41ed	organism interaction							
https://static.inaturalist.org/photos/97650256/medium.jpg	80a744c0-0cc6-4640-82e2-f15584d145a7	organism interaction							
https://static.inaturalist.org/photos/97860069/medium.jpg	2bca3d45-36dc-4a4d-a8b0-cb0303d95987	organism interaction							
https://static.inaturalist.org/photos/97876323/medium.jpg	e22383f8-74f1-4230-ac38-2497f02f63f7	organism interaction							
https://static.inaturalist.org/photos/97876683/medium.jpg	4769a839-c02c-42e6-bea0-c3d83e833dd1	organism interaction							
https://static.inaturalist.org/photos/98168082/medium.jpg	fdb74ad0-416f-433c-8091-422cd5088216	organism interaction							
https://static.inaturalist.org/photos/98613891/medium.jpg	0b2af02e-848c-4c98-9cc5-489c5a921138	organism interaction							
https://static.inaturalist.org/photos/98614961/medium.jpg	18846cd4-ed90-4bf0-97f1-7493fe28b693	organism interaction							
https://inaturalist-open-data.s3.amazonaws.com/photos/104152275/medium.jpg	36f9dcef-eac6-4120-83cb-4c09ca346bb2	organism interaction							
https://inaturalist-open-data.s3.amazonaws.com/photos/104152345/medium.jpg	2ce4fd08-abed-4ea6-a259-4752333e5c9b	organism interaction							
https://inaturalist-open-data.s3.amazonaws.com/photos/105298751/medium.jpeg	7dadc6f6-b646-4717-a7ee-a12f2c9f1c7a	organism interaction							
https://inaturalist-open-data.s3.amazonaws.com/photos/107853420/medium.jpg	cc8cc6e5-eca5-4129-a40b-4b272b918dd8	organism interaction							
https://inaturalist-open-data.s3.amazonaws.com/photos/107853425/medium.jpg	f9165e9b-9597-4b1c-8ee2-f025c98abf38	organism interaction							
https://inaturalist-open-data.s3.amazonaws.com/photos/110216316/medium.jpg	c8743e44-c443-4ef7-9591-5cfb42f99e6b	organism interaction							
https://inaturalist-open-data.s3.amazonaws.com/photos/110216464/medium.jpg	291175fd-37ec-4967-a129-9d3312470fa7	organism interaction							
https://inaturalist-open-data.s3.amazonaws.com/photos/110216610/medium.jpeg	2cbeee73-035d-44ea-aedd-c646ea093272	organism interaction							
https://inaturalist-open-data.s3.amazonaws.com/photos/111292511/medium.jpg	d1a0f852-c51a-453c-9c82-e6c7ca79e834	organism interaction							
https://inaturalist-open-data.s3.amazonaws.com/photos/118559227/medium.jpeg	e8e852b5-4da6-4097-b76d-6310a6ff8824	organism interaction							
https://inaturalist-open-data.s3.amazonaws.com/photos/118564760/medium.jpeg	6ba2e1f4-708b-47d5-95d6-467a8c75ed65	organism interaction							
https://inaturalist-open-data.s3.amazonaws.com/photos/118721765/medium.jpeg	7e0f7c09-46b4-442e-825f-3404aa27c561	organism interaction							
https://inaturalist-open-data.s3.amazonaws.com/photos/123203508/medium.jpeg	fdcf9c30-e2aa-482d-b90f-84919cfa5c97	organism interaction							
https://inaturalist-open-data.s3.amazonaws.com/photos/123203641/medium.jpeg	cec94755-b411-4041-8961-eab12e6f2ca7	organism interaction							
https://inaturalist-open-data.s3.amazonaws.com/photos/123203777/medium.jpeg	439fae38-d4b0-4c7b-af60-2a88effaf405	organism interaction							
https://inaturalist-open-data.s3.amazonaws.com/photos/127184019/medium.jpeg	73cc7b4c-2222-4e84-97d5-446c7a2146b3	organism interaction							
https://inaturalist-open-data.s3.amazonaws.com/photos/127184248/medium.jpeg	63222578-ab6d-4d6c-a2f1-e98a6489abe5	organism interaction							
https://inaturalist-open-data.s3.amazonaws.com/photos/127194417/medium.jpeg	78a9cc65-db70-4325-ab6c-6bf89e57f432	organism interaction							
https://inaturalist-open-data.s3.amazonaws.com/photos/127195663/medium.jpeg	56c73c4e-67cf-4c68-b279-ea94650e292b	organism interaction							
https://inaturalist-open-data.s3.amazonaws.com/photos/128014233/medium.jpeg	e92d2d27-9aab-4593-bd28-c56251b34928	organism interaction							
https://inaturalist-open-data.s3.amazonaws.com/photos/130363899/medium.jpeg	e65b1811-54cd-4bbe-b4d5-8e5ae44a5e09	organism interaction							
https://static.inaturalist.org/photos/157762501/medium.jpg	fae3b30e-0841-4c5b-8b41-a266e7b2098a	organism interaction							
https://inaturalist-open-data.s3.amazonaws.com/photos/186236000/medium.jpeg	9265b462-5800-43b7-a8fc-9b3d2bbc3c61	organism interaction							
