organism_interaction_id	event_id	organism_interaction_description	subject_occurrence_id	subject_organism_part	organism_interaction_type	related_occurrence_id	external_related_occurrence_id	external_related_occurrence_source	related_organism_part	feedback_url
de4e24d2-c28c-43bf-839f-0e56991bbc57	9da7d6ee-cd01-477e-8efe-f9dfb1c36255		https://inaturalist.org/observations/1782033		visited flower of	https://inaturalist.org/observations/1784617			flowers	
2f6f8b8f-5740-4681-85f4-ea7284691b9d	114c5b94-4862-4b09-aa22-88c78325162a		https://inaturalist.org/observations/3069262		visited flower of	https://inaturalist.org/observations/3073482			flowers	
53099423-1beb-41fe-9d33-7532c60974c1	72aaf32a-c8e3-4692-8f08-cbfeff8c057e		https://inaturalist.org/observations/3069266		visited flower of	https://inaturalist.org/observations/15384206			flowers	
d7de493a-decc-4df4-a105-c36224d81797	0fe77917-b63e-4e2b-89ac-df29134ec58b		https://inaturalist.org/observations/6159394		visited flower of	https://inaturalist.org/observations/66404606			flowers	
4d016ed5-902e-4e00-b2e7-f30255ffe60a	7c4a23c7-c318-4f9d-834f-f3dbcd700284		https://inaturalist.org/observations/6166211		visited flower of	https://inaturalist.org/observations/66404606			flowers	
fe8d0465-f4b1-4b76-adc9-ff450764f55c	2fe08d0a-11e7-47cf-93eb-a39023727fbb		https://inaturalist.org/observations/21408606		visited flower of	https://inaturalist.org/observations/24422656			flowers	
f849ed35-57ff-4e6e-bdc3-db637df9045f	83c6af1f-f650-428f-b8fa-21d383ff7131		https://inaturalist.org/observations/21833136		visited flower of	https://inaturalist.org/observations/21832908			flowers	
e7587a59-2c94-49b6-b128-c6cd3a210308	bf7fbd8e-c461-455d-a799-ef6c41732251		https://inaturalist.org/observations/21922014		visited flower of	https://inaturalist.org/observations/21922064			flowers	
76ea0535-6a71-439f-a509-0c8462163e57	36c1232e-f179-4e68-aa8c-0f0c468d0baa		https://inaturalist.org/observations/22388078		visited flower of	https://inaturalist.org/observations/22388125			flowers	
7245cf47-c466-4f59-8203-e6437bd43cc5	663ac36d-0415-4c7d-853b-0aaea5952daa		https://inaturalist.org/observations/22869119		visited flower of	https://inaturalist.org/observations/22869022			flowers	
723ce58f-f72b-4658-a0f1-24b4b3f3a286	bee9fb99-50a1-4257-b7e7-f569b2912664		https://inaturalist.org/observations/22985628		visited flower of	https://inaturalist.org/observations/22868884			flowers	
68626545-2a7e-406e-a6be-40c4b93909ec	1a8d3e14-d0cb-471a-989d-2eff24b9dc03		https://inaturalist.org/observations/22985680		visited flower of	https://inaturalist.org/observations/22868985			flowers	
6f80136e-2cd7-4eb3-8037-6e6eb7cd9b8b	2a964391-55ba-4d31-acbc-5a7b857806b1		https://inaturalist.org/observations/22985733		visited flower of	https://inaturalist.org/observations/22869012			flowers	
b2d37712-afcd-40e3-b621-4cfed227ef40	5a3664c4-bc98-4604-8081-1e125d70122c		https://inaturalist.org/observations/22997738		visited flower of	https://inaturalist.org/observations/22997724			flowers	
088fec6c-c30b-416b-a3f7-f4687e9c25a0	2f8da47a-caf5-4bcf-9766-d6ecd6e802be		https://inaturalist.org/observations/23039178		visited flower of	https://inaturalist.org/observations/23039182			flowers	
0d026db1-b201-4de4-9dfa-b6ce4c0a6a9e	07174db2-ea37-48db-8073-37719c0ceace		https://inaturalist.org/observations/23039231		visited flower of	https://inaturalist.org/observations/22869946			flowers	
2f25ecc0-5e85-4207-8280-94b6b5a95fa2	4aa18702-238f-41a4-9072-41bc0efa57ae		https://inaturalist.org/observations/25095338		visited flower of	https://inaturalist.org/observations/25094725			flowers	
092ed54d-29d7-427d-9776-b6b548b1b8d9	a58de9cb-b8fd-4a0b-b3d8-8d5bb99f0cd4		https://inaturalist.org/observations/25095355		visited flower of	https://inaturalist.org/observations/25094725			flowers	
d21ebf3a-efa3-44d2-9ab6-16677351c7ed	4f5febfb-2c48-4bb8-8544-e1f3b992dbbf		https://inaturalist.org/observations/25096549		visited flower of	https://inaturalist.org/observations/25093223			flowers	
f800c83d-1bd4-4815-bedf-e331a1f76584	fa52ecda-bd45-40ce-9fc5-5e19e7962ec9		https://inaturalist.org/observations/25096617		visited flower of	https://inaturalist.org/observations/25093137			flowers	
65fd4cc0-5210-4e1a-9a14-846efa7b700b	4505e070-ed1e-4ba1-b6b0-ebb0bfb47e47		https://inaturalist.org/observations/25097552		visited flower of	https://inaturalist.org/observations/25090648			flowers	
9c1caff0-ff11-43f8-aaf6-df1d22f8ff1e	70cddc53-ad72-4499-b1f2-f8fbb961a234		https://inaturalist.org/observations/26535917		visited flower of	https://inaturalist.org/observations/26535773			flowers	
8dbed6ab-62fb-4a3d-ba1b-a90a1fa0de67	08c2923a-8ecf-4d24-9c73-d7128f267007		https://inaturalist.org/observations/26535923		visited flower of	https://inaturalist.org/observations/26535767			flowers	
70544c7f-d9c7-42b8-8f34-b28ee894d2c2	935b7ae0-2af3-4c7a-b547-d71a0a235b68		https://inaturalist.org/observations/26535928		visited flower of	https://inaturalist.org/observations/26535767			flowers	
8355bdf6-999a-4019-b307-83925bae02fa	3ea271ca-5679-41d6-81ef-7eace7a63df2		https://inaturalist.org/observations/26535934		visited flower of	https://inaturalist.org/observations/26535766			flowers	
873a8b50-5836-4459-9eec-f6c64f1ceeb0	83a4f2be-6b94-4f26-8d6e-5eb8ebf2d5e8		https://inaturalist.org/observations/26535938		visited flower of	https://inaturalist.org/observations/26535766			flowers	
49717a44-5013-4232-8d8c-0018e363e507	426c1d66-26e4-49ef-bbd4-03a11eb58531		https://inaturalist.org/observations/26535948		visited flower of	https://inaturalist.org/observations/26535760			flowers	
57e99fc0-6fd9-42f6-be87-b9951a0572b5	2b90bc90-963c-4834-9bde-f5f396179920		https://inaturalist.org/observations/26535953		visited flower of	https://inaturalist.org/observations/26535760			flowers	
3bdccba6-b41f-41d7-9c8a-e5eda776ffae	e9325950-bfcb-462e-ac2c-f0e7e36c53a1		https://inaturalist.org/observations/26535959		visited flower of	https://inaturalist.org/observations/26535963			flowers	
9466db38-5912-405d-9229-303741dfdccf	23ca9c5a-dc81-4513-bff1-a3a76e87aa0e		https://inaturalist.org/observations/26536615		visited flower of	https://inaturalist.org/observations/26525421			flowers	
9152c2c1-d3a4-456c-9dd9-f08b20c661fa	d11ed256-6c20-42e6-b884-6bc734693e07		https://inaturalist.org/observations/28251971		visited flower of	https://inaturalist.org/observations/28253138			flowers	
484446a3-45f2-45f0-8e4b-4963974fe319	085d4347-f571-42a0-85ba-a0da3eeaa0a7		https://inaturalist.org/observations/28252301		visited flower of	https://inaturalist.org/observations/28219874			flowers	
1429e4b8-91d8-4f55-af87-8be401914ce3	271a8410-ab0c-4c1c-b4b3-ebbc3875ab70		https://inaturalist.org/observations/36452177		visited flower of	https://inaturalist.org/observations/36452170			flowers	
b37a49ad-2549-4bd7-8a6a-a093804a2421	001936d3-d323-4326-ab69-bce0c19f4066		https://inaturalist.org/observations/48048566		visited flower of	https://inaturalist.org/observations/48048567			flowers	
29c2cdd6-cd4f-481a-9fa2-a45d01924dd4	0bbe11ba-d259-44a5-85c5-b6290f46cf36		https://inaturalist.org/observations/48048567		visited flower of	https://inaturalist.org/observations/48048566			flowers	
1913545a-e28f-4011-866a-fca0fd6c9f1f	e5a5ecf4-a186-4f76-a46c-2937585d5ffe		https://inaturalist.org/observations/48854815		visited flower of	https://inaturalist.org/observations/48850969			flowers	
4a51cff4-37f3-4257-b886-e9ee33b17fce	a779bd60-7652-4894-a0a8-e8b81a75600b		https://inaturalist.org/observations/49188625		visited flower of	https://inaturalist.org/observations/49188627			flowers	
920932ac-fd5e-425d-a9f8-b5979222584e	e6c4e282-e258-4f3a-aaf4-78a4d2f9e0c7		https://inaturalist.org/observations/49188626		visited flower of	https://inaturalist.org/observations/49188627			flowers	
7ba68976-c142-4e8c-8e16-03d8c0f80355	f3cc1caf-7a06-4248-9ca4-faef123566b8		https://inaturalist.org/observations/49188630		visited flower of	https://inaturalist.org/observations/49188627			flowers	
cf147b4b-b7db-4ba1-be77-fdcee38a831f	db8bd60b-0905-47ff-be90-8f6dc03da03f		https://inaturalist.org/observations/49188631		visited flower of	https://inaturalist.org/observations/49188627			flowers	
26bb4bde-855a-429d-bdd4-fe7b9e35d469	c0a1f0aa-cc0b-4aa1-9cd1-8b39409535d4		https://inaturalist.org/observations/49188633		visited flower of	https://inaturalist.org/observations/49188627			flowers	
ca896b66-016c-40e4-ae2c-10969fa04712	34fb54d5-ed89-4fd9-92be-7c8e866131a0		https://inaturalist.org/observations/49869625		visited flower of	https://inaturalist.org/observations/49869646			flowers	
4dc4a246-3db7-4337-b1c9-5ee657bec76a	f3f56b3a-7fc6-4ebc-88d3-4f14f9409645		https://inaturalist.org/observations/50060746		visited flower of	https://inaturalist.org/observations/50060758			flowers	
0aa2b617-2716-4db5-b4db-5bdf73cd3b4c	8a9ccee5-38a4-42df-aae4-d53cf56cf56c		https://inaturalist.org/observations/50306182		visited flower of	https://inaturalist.org/observations/50306183			flowers	
aa0468ec-4ba4-4cf3-b9c6-d6609e2ba539	971a9fd1-88e5-4c9e-a9d1-e5d7eccfb9bc		https://inaturalist.org/observations/50306183		visited flower of	https://inaturalist.org/observations/50306182			flowers	
ee61b43a-5dab-4b1e-af0e-da61afaabe4e	db60a43b-b78c-435f-8ac1-2be263355b91		https://inaturalist.org/observations/50808800		visited flower of	https://inaturalist.org/observations/50808912			flowers	
b02a6481-a6b8-4725-99ee-15099bb7c084	db9a2977-2d1c-4a53-9f2a-73dd6f9e8e61		https://inaturalist.org/observations/50819534		visited flower of	https://inaturalist.org/observations/50819543			flowers	
a523330b-8371-4949-b98d-d3f6e64efda6	2cb5ffa9-1979-4e76-9ffc-ffb32d7a2f3f		https://inaturalist.org/observations/50819591		visited flower of	https://inaturalist.org/observations/50819592			flowers	
c9f1f47b-cca3-40db-abb0-7f50a4305cad	b6ce50ac-678b-4856-9685-d319550a65d9		https://inaturalist.org/observations/50819600		visited flower of	https://inaturalist.org/observations/50819602			flowers	
3c0ad6f4-96bf-4553-880b-63a301019e5f	29cf1be6-6798-438e-8de8-5c2e2541d513		https://inaturalist.org/observations/50819622		visited flower of	https://inaturalist.org/observations/50819620			flowers	
8bf2503f-8c1d-4181-a64d-c02e1dd76017	9a605d93-bab5-4a8c-84d6-8b7cd1c65d59		https://inaturalist.org/observations/50819627		visited flower of	https://inaturalist.org/observations/50819592			flowers	
0c61f5c4-5107-4240-92a3-e2668ec1e897	e53184a7-faf7-404e-a093-e35d16b18ba1		https://inaturalist.org/observations/58254303		visited flower of	https://inaturalist.org/observations/58254157			flowers	
a0cc7d1c-d7f9-4b30-b3d8-dbc943745933	9a210543-d3a0-4325-8a59-40dc08c189c9		https://inaturalist.org/observations/58258262		visited flower of	https://inaturalist.org/observations/58254157			flowers	
73186696-6af7-4f60-9a6a-df76372d0a9d	c144506c-6a13-4cee-b1df-491f40c48d7d		https://inaturalist.org/observations/58332425		visited flower of	https://inaturalist.org/observations/58331677			flowers	
fc304987-2baa-4012-9188-deff2498851d	fb6f7736-c559-401b-9ad6-deddc15ed52f		https://inaturalist.org/observations/58332931		visited flower of	https://inaturalist.org/observations/58331677			flowers	
b77cd4d9-fa9a-4ec2-95a8-4aa88bd3766e	11fbd600-dd21-423d-b99a-6fba2d2936e9		https://inaturalist.org/observations/58333706		visited flower of	https://inaturalist.org/observations/58331677			flowers	
2688310d-f178-4f16-a6db-677ae5f38e57	afaf5736-0be6-4617-9c13-95fe309f17c9		https://inaturalist.org/observations/58334440		visited flower of	https://inaturalist.org/observations/58331677			flowers	
85995b04-4d60-4afb-9893-b5ea5a7cffa4	77b7154f-832b-4865-9076-a3992dec9bc4		https://inaturalist.org/observations/60477266		visited flower of	https://inaturalist.org/observations/60477266			flowers	
0c33decc-fa7b-4dae-945a-824499d5eac9	d5958a84-7919-411b-bc5a-6941dfb2b4b9		https://inaturalist.org/observations/60768192		visited flower of	https://inaturalist.org/observations/60768192			flowers	
6aa86d3d-f077-457d-a193-475949940e2e	f8821890-51b8-40ca-9ac1-04c41335ffc7		https://inaturalist.org/observations/60768469		visited flower of	https://inaturalist.org/observations/60768469			flowers	
c962615d-3249-403a-8d88-aaa523c3a1f5	e3b97e18-be36-49bc-b1de-edcaab35606b		https://inaturalist.org/observations/60898232		visited flower of	https://inaturalist.org/observations/60898232			flowers	
1b3f73b8-13bd-477a-9f00-c0d978f7c314	2fbea494-b9e5-41ee-aa11-2504b635f01e		https://inaturalist.org/observations/61045791		visited flower of	https://inaturalist.org/observations/61045791			flowers	
72e3c919-a6e1-48b0-9120-f02768ff41ed	82ace6cf-e04a-4d4f-9e0a-d46326380fe4		https://inaturalist.org/observations/61047014		visited flower of	https://inaturalist.org/observations/61047014			flowers	
80a744c0-0cc6-4640-82e2-f15584d145a7	8829f036-9e4d-49ce-a5c8-9286efd35b13		https://inaturalist.org/observations/61048010		visited flower of	https://inaturalist.org/observations/61048010			flowers	
2bca3d45-36dc-4a4d-a8b0-cb0303d95987	effa19f9-48bc-4c25-b916-299bc387aa60		https://inaturalist.org/observations/61171615		visited flower of	https://inaturalist.org/observations/61171615			flowers	
e22383f8-74f1-4230-ac38-2497f02f63f7	4f025624-cfd4-4ebc-b8b9-484ed0494a9d		https://inaturalist.org/observations/61181734		visited flower of	https://inaturalist.org/observations/61181734			flowers	
4769a839-c02c-42e6-bea0-c3d83e833dd1	7ad345e0-ce86-445d-b432-9d6f62d36050		https://inaturalist.org/observations/61181870		visited flower of	https://inaturalist.org/observations/61181870			flowers	
fdb74ad0-416f-433c-8091-422cd5088216	8e1b6afe-8e5a-497b-b90e-5fc204621318		https://inaturalist.org/observations/61353210		visited flower of	https://inaturalist.org/observations/61353210			flowers	
0b2af02e-848c-4c98-9cc5-489c5a921138	7c777f8a-50d8-4fd8-9eb0-792edaaf4bae		https://inaturalist.org/observations/61616323		visited flower of	https://inaturalist.org/observations/61616323			flowers	
18846cd4-ed90-4bf0-97f1-7493fe28b693	4dca5059-4897-4e5e-9597-9cbc48d48d27		https://inaturalist.org/observations/61617077		visited flower of	https://inaturalist.org/observations/61617077			flowers	
36f9dcef-eac6-4120-83cb-4c09ca346bb2	1692e41e-098a-404b-89c9-a4cc5ec612fb		https://inaturalist.org/observations/64750503		visited flower of	https://inaturalist.org/observations/64750502			flowers	
2ce4fd08-abed-4ea6-a259-4752333e5c9b	8ffcdb63-4336-4c5a-9750-7644b1713b9a		https://inaturalist.org/observations/64750504		visited flower of	https://inaturalist.org/observations/64750502			flowers	
7dadc6f6-b646-4717-a7ee-a12f2c9f1c7a	1bc6f38f-80d9-4537-b73f-a0d208241d05		https://inaturalist.org/observations/65424461		visited flower of	https://inaturalist.org/observations/65424463			flowers	
cc8cc6e5-eca5-4129-a40b-4b272b918dd8	599ba203-a1e2-4c1f-8a1d-ab029b9c4239		https://inaturalist.org/observations/66845802		visited flower of	https://inaturalist.org/observations/66845801			flowers	
f9165e9b-9597-4b1c-8ee2-f025c98abf38	9ea4f30f-63f5-4e00-8274-54abf9c13782		https://inaturalist.org/observations/66845803		visited flower of	https://inaturalist.org/observations/66845804			flowers	
c8743e44-c443-4ef7-9591-5cfb42f99e6b	ccb671ae-36d1-465d-93d0-e008aaae2cc4		https://inaturalist.org/observations/68115736		visited flower of	https://inaturalist.org/observations/68115738			flowers	
291175fd-37ec-4967-a129-9d3312470fa7	bb5deb4f-894c-45d1-ab24-51b1e3ff1f80		https://inaturalist.org/observations/68115739		visited flower of	https://inaturalist.org/observations/68115740			flowers	
2cbeee73-035d-44ea-aedd-c646ea093272	29b33a13-0852-47e3-a40d-6862f975edce		https://inaturalist.org/observations/68115745		visited flower of	https://inaturalist.org/observations/68115738			flowers	
d1a0f852-c51a-453c-9c82-e6c7ca79e834	c07b3c2b-3717-454d-8c0a-266ba80690a4		https://inaturalist.org/observations/68691301		visited flower of	https://inaturalist.org/observations/68691300			flowers	
e8e852b5-4da6-4097-b76d-6310a6ff8824	eb1268d0-302e-40ab-bba2-89bd4ca6287f		https://inaturalist.org/observations/72690464		visited flower of	https://inaturalist.org/observations/72690632			flowers	
6ba2e1f4-708b-47d5-95d6-467a8c75ed65	251224e1-5c2a-46c0-a453-220fcaff2b1a		https://inaturalist.org/observations/72694140		visited flower of	https://inaturalist.org/observations/72778257			flowers	
7e0f7c09-46b4-442e-825f-3404aa27c561	01573e36-2237-426b-a75f-4a02666ca9fc		https://inaturalist.org/observations/72778341		visited flower of	https://inaturalist.org/observations/72778257			flowers	
fdcf9c30-e2aa-482d-b90f-84919cfa5c97	29251960-6663-4448-b781-93f8677699fc		https://inaturalist.org/observations/75317661		visited flower of	https://inaturalist.org/observations/75317597			flowers	
cec94755-b411-4041-8961-eab12e6f2ca7	3fb7110a-8774-43b2-ab73-5c1f85f36323		https://inaturalist.org/observations/75317763		visited flower of	https://inaturalist.org/observations/75317597			flowers	
439fae38-d4b0-4c7b-af60-2a88effaf405	adec074a-86b6-4ede-9dd6-2f167b531a06		https://inaturalist.org/observations/75318174		visited flower of	https://inaturalist.org/observations/75317597			flowers	
73cc7b4c-2222-4e84-97d5-446c7a2146b3	2316fc3e-93a9-4c35-8865-a753a57c07a7		https://inaturalist.org/observations/77752372		visited flower of	https://inaturalist.org/observations/77758903			flowers	
63222578-ab6d-4d6c-a2f1-e98a6489abe5	84bb1409-3b61-49db-a136-e6acf430a133		https://inaturalist.org/observations/77752539		visited flower of	https://inaturalist.org/observations/77758903			flowers	
78a9cc65-db70-4325-ab6c-6bf89e57f432	c269a063-f9f9-4c16-a5c4-341f64582617		https://inaturalist.org/observations/77758367		visited flower of	https://inaturalist.org/observations/77758903			flowers	
56c73c4e-67cf-4c68-b279-ea94650e292b	a53123e9-e0ae-4868-a656-b9fd7e7db255		https://inaturalist.org/observations/77759019		visited flower of	https://inaturalist.org/observations/77758903			flowers	
e92d2d27-9aab-4593-bd28-c56251b34928	ae8282d1-e8d1-4345-b5d8-f1f9abc5624c		https://inaturalist.org/observations/78237918		visited flower of	https://inaturalist.org/observations/78238045			flowers	
e65b1811-54cd-4bbe-b4d5-8e5ae44a5e09	b32758ca-636c-439b-9c93-c584ddcf5aa3		https://inaturalist.org/observations/79584245		visited flower of	https://inaturalist.org/observations/79584409			flowers	
fae3b30e-0841-4c5b-8b41-a266e7b2098a	fc89854c-e1bd-428f-be1b-16747c6ffb60		https://inaturalist.org/observations/95057287		visited flower of	https://inaturalist.org/observations/95055366			flowers	
9265b462-5800-43b7-a8fc-9b3d2bbc3c61	7c7420a8-fd93-4a57-8a11-bd4d940ef719		https://inaturalist.org/observations/110403232		visited flower of	https://inaturalist.org/observations/110403011			flowers	
