"class","cultivarEpithet","externalClassificationSource","family","genericName","genus","geoClassificationCode","geoName","identificationID","infragenericEpithet","infraspecificEpithet","kingdom","nameAccordingTo","namePublishedIn","namePublishedInYear","nomenclaturalCode","nomenclaturalStatus","order","phylum","scientificName","scientificNameAuthorship","scientificNameID","specificEpithet","subfamily","subgenus","taxonID","taxonRank","taxonSortOrder","vernacularName"
"Aves","","","Psittaculidae","Eunymphicus","Eunymphicus J. L. Peters, 1937","","","3c4853e4fc98ad19deac4209500798d4","","","Animalia","","","","ICZN","","Psittaciformes","Chordata","Eunymphicus cornutus (J. F. Gmelin, 1788)","(J. F. Gmelin, 1788)","","cornutus","","","https://www.catalogueoflife.org/data/taxon/3CG7W","SPECIES","",""
"Aves","","","Motacillidae Horsfield, 1821","Motacilla","Motacilla Linnaeus, 1758","","","ff0ab39ea6039465bde992a73954b78b","","","Animalia","","","1758","ICZN","","Passeriformes","Chordata","Motacilla flava Linnaeus, 1758","Linnaeus, 1758","","flava","","","https://www.catalogueoflife.org/data/taxon/44G9F","SPECIES","",""
"Aves","","","Cardinalidae","Piranga","Piranga Vieillot, 1808","","","051ca5363c6d2f65c2c70b7907711c42","","cooperi","Animalia","","","1869","ICZN","","Passeriformes","Chordata","Piranga rubra cooperi Ridgway, 1869","Ridgway, 1869","","rubra","","","https://www.catalogueoflife.org/data/taxon/BNVWG","SUBSPECIES","",""
"Aves","","","Podicipedidae Bonaparte, 1831","Tachybaptus","Tachybaptus Reichenbach, 1853","","","b1229f3f735bf4a19ae9aae81d1a24f1","","ruficollis","Animalia","","","","ICZN","","Podicipediformes","Chordata","Tachybaptus ruficollis ruficollis (Pallas, 1764)","(Pallas, 1764)","","ruficollis","","","https://www.catalogueoflife.org/data/taxon/BP48X","SUBSPECIES","",""
"Aves","","","Sturnidae Rafinesque, 1815","Sturnus","Sturnus Linnaeus, 1758","","","5ef79e2453f27942712ae93bef2b7657","","vulgaris","Animalia","","","1758","ICZN","","Passeriformes","Chordata","Sturnus vulgaris vulgaris Linnaeus, 1758","Linnaeus, 1758","","vulgaris","","","https://www.catalogueoflife.org/data/taxon/BP3RY","SUBSPECIES","",""
"Aves","","","Gaviidae Allen, 1897","Gavia","Gavia J. R. Forster, 1788","","","075e28f1b1952e8c72dfabc46a47a978","","arctica","Animalia","","","","ICZN","","Gaviiformes","Chordata","Gavia arctica arctica (Linnaeus, 1758)","(Linnaeus, 1758)","","arctica","","","https://www.catalogueoflife.org/data/taxon/BNGDN","SUBSPECIES","",""
"Aves","","","Procellariidae Leach, 1820","Fulmarus","Fulmarus Stephens, 1826","","","3cf64946c4a237cf095ab52e885cb4e0","","","Animalia","","","","ICZN","","Procellariiformes","Chordata","Fulmarus glacialoides (A. Smith, 1840)","(A. Smith, 1840)","","glacialoides","","","https://www.catalogueoflife.org/data/taxon/6K48R","SPECIES","",""
"Aves","","","Ardeidae Leach, 1820","Egretta","Egretta T. Forster, 1817","","","0e34836587fbbe95a01953fcf142d6ac","","","Animalia","","","","ICZN","","Pelecaniformes","Chordata","Egretta tricolor (Statius Muller, 1776)","(Statius Muller, 1776)","","tricolor","Ardeinae Leach, 1820","","https://www.catalogueoflife.org/data/taxon/6DYQW","SPECIES","",""
"Aves","","","Scolopacidae Rafinesque, 1815","Tringa","Tringa Linnaeus, 1758","","","70b280f6d07e4ce2fe34c8103fa8bdc9","","solitaria","Animalia","","","1813","ICZN","","Charadriiformes","Chordata","Tringa solitaria solitaria A. Wilson, 1813","A. Wilson, 1813","","solitaria","","","https://www.catalogueoflife.org/data/taxon/BP5XD","SUBSPECIES","",""
"Aves","","","Nectariniidae Vigors, 1825","Nectarinia","Cinnyris Cuvier, 1816","","","5cf6bbc78d6b3d0a775b752c3c3a206c","","","Animalia","","","","ICZN","","Passeriformes","Chordata","Cinnyris jugularis (Linnaeus, 1766)","(Linnaeus, 1766)","","jugularis","","","https://www.catalogueoflife.org/data/taxon/5Z75C","SPECIES","",""
"Aves","","","Laridae","Sterna","Thalasseus F. Boie, 1822","","","586ba062906017206bbac5323c8cde6f","","eurygnathus","Animalia","","","","ICZN","","Charadriiformes","Chordata","Thalasseus acuflavidus eurygnathus (H. Saunders, 1876)","(H. Saunders, 1876)","","acuflavidus","","","https://www.catalogueoflife.org/data/taxon/9HJCP","SUBSPECIES","",""
"Aves","","","Strigidae","Bubo","Bubo Duméril, 1805","","","81dd1b4456cd5d5793922639b18f331a","","bubo","Animalia","","","","ICZN","","Strigiformes","Chordata","Bubo bubo bubo (Linnaeus, 1758)","(Linnaeus, 1758)","","bubo","Striginae","","https://www.catalogueoflife.org/data/taxon/BMH68","SUBSPECIES","",""
"Aves","","","Hydrobatidae Mathews, 1912","Oceanodroma","Oceanodroma Reichenbach, 1853","","","c818cec56b4f3c4101c0df297439867b","","","Animalia","","","","ICZN","","Procellariiformes","Chordata","Oceanodroma leucorhoa (Vieillot, 1818)","(Vieillot, 1818)","","leucorhoa","Hydrobatinae","","https://www.catalogueoflife.org/data/taxon/48C48","SPECIES","",""
"Aves","","","Muscicapidae Fleming, 1822","Ficedula","Ficedula Brisson, 1760","","","da5c86b3ef03f8185beae2ef78758a17","","hypoleuca","Animalia","","","","ICZN","","Passeriformes","Chordata","Ficedula hypoleuca hypoleuca (Pallas, 1764)","(Pallas, 1764)","","hypoleuca","","","https://www.catalogueoflife.org/data/taxon/BNFQD","SUBSPECIES","",""
"Aves","","","Laridae","Anous","Anous Stephens, 1826","","","8b657f8ae083eb836949ee41d564ff06","","","Animalia","","","1844","ICZN","","Charadriiformes","Chordata","Anous minutus F. Boie, 1844","F. Boie, 1844","","minutus","","","https://www.catalogueoflife.org/data/taxon/5V9V5","SPECIES","",""
"Aves","","","Strigidae","Otus","Otus Pennant, 1769","","","43ce2c0b4b115b585f0a408af987b102","","glabripes","Animalia","","","","ICZN","","Strigiformes","Chordata","Otus lettia glabripes (Swinhoe, 1870)","(Swinhoe, 1870)","","lettia","Striginae","","https://www.catalogueoflife.org/data/taxon/BNRSZ","SUBSPECIES","",""
"Aves","","","Anatidae Leach, 1820","Aythya","Aythya F. Boie, 1822","","","f3bb00a5671e7b79de3a4fe088f14208","","","Animalia","","","","ICZN","","Anseriformes","Chordata","Aythya ferina (Linnaeus, 1758)","(Linnaeus, 1758)","","ferina","","","https://www.catalogueoflife.org/data/taxon/K56T","SPECIES","",""
"","","","","","Agyrtria","","","8fc19c2b9729fd15db1c9e2b8ebb5213","","","Animalia","","","","ICZN","","","","Animalia","","","","","","https://www.catalogueoflife.org/data/taxon/N","KINGDOM","",""
"Aves","","","Passerellidae","Pipilo","Pipilo Vieillot, 1816","","","0dd3307d1e189a2c41e7944e1c759133","","arcticus","Animalia","","","","ICZN","","Passeriformes","Chordata","Pipilo maculatus arcticus (Swainson, 1832)","(Swainson, 1832)","","maculatus","","","https://www.catalogueoflife.org/data/taxon/BNVRX","SUBSPECIES","",""
"Aves","","","Fringillidae Leach, 1820","Carpodacus","Carpodacus Kaup, 1829","","","dc4f02284e5633331ab5b589b82e4563","","ferghanensis","Animalia","","","","ICZN","","Passeriformes","Chordata","Carpodacus erythrinus ferghanensis (Kozlova, 1939)","(Kozlova, 1939)","","erythrinus","","","https://www.catalogueoflife.org/data/taxon/BN5MB","SUBSPECIES","",""
"Aves","","","Furnariidae","Hylexetastes","Hylexetastes P. L. Sclater, 1889","","","a4b8a33cff3ab88deea83e79373bb283","","perrotii","Animalia","","","","ICZN","","Passeriformes","Chordata","Hylexetastes perrotii perrotii (Lafresnaye, 1844)","(Lafresnaye, 1844)","","perrotii","","","https://www.catalogueoflife.org/data/taxon/5J2B9","SUBSPECIES","",""
"Aves","","","Acrocephalidae Salvin, 1882","Acrocephalus","Acrocephalus J. A. Naumann & J. F. Naumann, 1811","","","bfe1dcc7a9905a4e6c4d248ac323d0ca","","","Animalia","","","","ICZN","","Passeriformes","Chordata","Acrocephalus palustris (Bechstein, 1798)","(Bechstein, 1798)","","palustris","","","https://www.catalogueoflife.org/data/taxon/9L78","SPECIES","",""
"Aves","","","Charadriidae Leach, 1820","Charadrius","Charadrius Linnaeus, 1758","","","5192cfa947ea2629bed68b087f7ba85a","","","Animalia","","","1776","ICZN","","Charadriiformes","Chordata","Charadrius mongolus Pallas, 1776","Pallas, 1776","","mongolus","","","https://www.catalogueoflife.org/data/taxon/TMX7","SPECIES","",""
"Aves","","","Icteridae","Sturnella","Sturnella Vieillot, 1816","","","f360d64a70cc51b7cfadd4010cb8b308","","","Animalia","","","","ICZN","","Passeriformes","Chordata","Sturnella militaris (Linnaeus, 1758)","(Linnaeus, 1758)","","militaris","","","https://www.catalogueoflife.org/data/taxon/537YY","SPECIES","",""
"Aves","","","Turdidae","Turdus","Turdus Linnaeus, 1758","","","ca8ed3a26701dc5c568905545739b200","","philomelos","Animalia","","","1831","ICZN","","Passeriformes","Chordata","Turdus philomelos philomelos C. L. Brehm, 1831","C. L. Brehm, 1831","","philomelos","","","https://www.catalogueoflife.org/data/taxon/BP6G4","SUBSPECIES","",""
"Aves","","","Ardeidae Leach, 1820","Ixobrychus","Ixobrychus Billberg, 1828","","","350ba288f0dcaa69f970776a6b8c8254","","erythromelas","Animalia","","","","ICZN","","Pelecaniformes","Chordata","Ixobrychus exilis erythromelas (Vieillot, 1817)","(Vieillot, 1817)","","exilis","Botaurinae Reichenbach, 1850","","https://www.catalogueoflife.org/data/taxon/BNK99","SUBSPECIES","",""
"Aves","","","Scolopacidae","","Erolia","","","5bd20b789b7aa2c98433f516795b5fd6","","","Animalia","","","1815","ICZN","","Charadriiformes","Chordata","Scolopacidae Rafinesque, 1815","Rafinesque, 1815","","","","","https://www.catalogueoflife.org/data/taxon/G4X","FAMILY","",""
"Aves","","","Accipitridae Vigors, 1824","Buteo","Buteo Lacepede, 1799","","","c3dc409bb417db6d4df8e0711ab37226","","lagopus","Animalia","","","","ICZN","","Accipitriformes","Chordata","Buteo lagopus lagopus (Pontoppidan, 1763)","(Pontoppidan, 1763)","","lagopus","","","https://www.catalogueoflife.org/data/taxon/7JG5G","SUBSPECIES","",""
"Aves","","","Columbidae","Treron","Treron Vieillot, 1816","","","e21058935948536b70f27b01f6e15eff","","","Animalia","","","","ICZN","","Columbiformes","Chordata","Treron bicinctus (Jerdon, 1840)","(Jerdon, 1840)","","bicinctus","Treroninae","","https://www.catalogueoflife.org/data/taxon/7CPFY","SPECIES","",""
"Aves","","","Phasianidae","Gallus","Gallus Brisson, 1760","","","7b2ef266318132b817217367281232cc","","bankiva","Animalia","","","1813","ICZN","","Galliformes","Chordata","Gallus gallus bankiva Temminck, 1813","Temminck, 1813","","gallus","","","https://www.catalogueoflife.org/data/taxon/BNG9Q","SUBSPECIES","",""
"Aves","","","Falconidae Leach, 1820","Falco","Falco Linnaeus, 1758","","","db8ed281eb59adf1e54d73eb8b1de375","","tinnunculus","Animalia","","","1758","ICZN","","Falconiformes","Chordata","Falco tinnunculus tinnunculus Linnaeus, 1758","Linnaeus, 1758","","tinnunculus","Falconinae Leach, 1820","","https://www.catalogueoflife.org/data/taxon/BNFML","SUBSPECIES","",""
"Aves","","","Emberizidae","Emberiza","Emberiza Linnaeus, 1758","","","7ee8a49d2f909e1af924c43d69feb822","","erythrogenys","Animalia","","","1855","ICZN","","Passeriformes","Chordata","Emberiza citrinella erythrogenys C. L. Brehm, 1855","C. L. Brehm, 1855","","citrinella","","","https://www.catalogueoflife.org/data/taxon/BND6H","SUBSPECIES","",""
"Aves","","","Columbidae","","Columba","","","325dc93285ae2bc841732ab6b040b742","","","Animalia","","","1758","ICZN","","Columbiformes","Chordata","Columba Linnaeus, 1758","Linnaeus, 1758","","","Columbinae","","https://www.catalogueoflife.org/data/taxon/3SMP","GENUS","",""
"Aves","","","Phylloscopidae","Phylloscopus","Phylloscopus F. Boie, 1826","","","6d9bfe9406f3bdfb14bbf52f45590bc1","","johnstoni","Animalia","","","","ICZN","","Passeriformes","Chordata","Phylloscopus ruficapilla johnstoni (W. L. Sclater, 1927)","(W. L. Sclater, 1927)","","ruficapilla","","","https://www.catalogueoflife.org/data/taxon/BNVDW","SUBSPECIES","",""
"Aves","","","Anatidae Leach, 1820","Anas","Spatula F. Boie, 1822","","","9b0559f36dc62b9dfed3e4be04e88359","","","Animalia","","","","ICZN","","Anseriformes","Chordata","Spatula clypeata (Linnaeus, 1758)","(Linnaeus, 1758)","","clypeata","","","https://www.catalogueoflife.org/data/taxon/9HKHD","SPECIES","",""
"Aves","","","Estrildidae Bonaparte, 1850","Padda","Lonchura Sykes, 1832","","","50f04b848d6dfbae706842fece5bea3b","","","Animalia","","","","ICZN","","Passeriformes","Chordata","Lonchura oryzivora (Linnaeus, 1758)","(Linnaeus, 1758)","","oryzivora","","","https://www.catalogueoflife.org/data/taxon/3VYFC","SPECIES","",""
"Aves","","","Charadriidae Leach, 1820","Vanellus","Vanellus Brisson, 1760","","","d767f66467f511876ef694a759175576","","","Animalia","","","","ICZN","","Charadriiformes","Chordata","Vanellus vanellus (Linnaeus, 1758)","(Linnaeus, 1758)","","vanellus","","","https://www.catalogueoflife.org/data/taxon/7FFJL","SPECIES","",""
"Aves","","","Bombycillidae Swainson, 1831","Bombycilla","Bombycilla Vieillot, 1808","","","9dae06f4dfe6ed78a24270bf71e250be","","","Animalia","","","1808","ICZN","","Passeriformes","Chordata","Bombycilla cedrorum Vieillot, 1808","Vieillot, 1808","","cedrorum","","","https://www.catalogueoflife.org/data/taxon/MFZ9","SPECIES","",""
"Aves","","","Rhipiduridae Sundevall, 1872","Rhipidura","Rhipidura Vigors & Horsfield, 1827","","","d5c53f33935cb1b9b46f1d26baf4f984","","javanica","Animalia","","","","ICZN","","Passeriformes","Chordata","Rhipidura javanica javanica (Sparrman, 1788)","(Sparrman, 1788)","","javanica","","","https://www.catalogueoflife.org/data/taxon/BNYX4","SUBSPECIES","",""
"Aves","","","Ploceidae Sundevall, 1836","Ploceus","Ploceus Cuvier, 1816","","","1cd36d9a632cba40e955a9823dad2d8d","","","Animalia","","","1819","ICZN","","Passeriformes","Chordata","Ploceus velatus Vieillot, 1819","Vieillot, 1819","","velatus","","","https://www.catalogueoflife.org/data/taxon/4KH9P","SPECIES","",""
"Aves","","","Corvidae Leach, 1820","Garrulus","Garrulus Brisson, 1760","","","36724cb47d2e36d8a03348855390e9d2","","glandarius","Animalia","","","","ICZN","","Passeriformes","Chordata","Garrulus glandarius glandarius (Linnaeus, 1758)","(Linnaeus, 1758)","","glandarius","","","https://www.catalogueoflife.org/data/taxon/BNGCJ","SUBSPECIES","",""
"Aves","","","Eurylaimidae","Cymbirhynchus","Cymbirhynchus Vigors, 1830","","","43fc02802be6a5b8f2f666a9895370dd","","macrorhynchos","Animalia","","","","ICZN","","Passeriformes","Chordata","Cymbirhynchus macrorhynchos macrorhynchos (Gmelin, 1788)","(Gmelin, 1788)","","macrorhynchos","Eurylaiminae","","https://www.catalogueoflife.org/data/taxon/BNB76","SUBSPECIES","",""
"Aves","","","Cracidae","Pipile","Pipile Bonaparte, 1856","","","c36b7db900c21b201f8a7a545ab86724","","","Animalia","","","","ICZN","","Galliformes","Chordata","Pipile jacutinga (Spix, 1825)","(Spix, 1825)","","jacutinga","Penelopinae","","https://www.catalogueoflife.org/data/taxon/6VKNP","SPECIES","",""
"Aves","","","Trochilidae","Colibri","Colibri von Spix, 1824","","","22ac90862710179e06b8f9e57a102abd","","","Animalia","","","","ICZN","","Apodiformes","Chordata","Colibri delphinae (R. Lesson, 1839)","(R. Lesson, 1839)","","delphinae","Phaethornithinae","","https://www.catalogueoflife.org/data/taxon/X2H6","SPECIES","",""
"Aves","","","Tyrannidae","Empidonax","Empidonax Cabanis, 1855","","","67c7a584300d3fe8ce9c200ac021ce13","","","Animalia","","","","ICZN","","Passeriformes","Chordata","Empidonax minimus (W. M. Baird & S. F. Baird, 1843)","(W. M. Baird & S. F. Baird, 1843)","","minimus","","","https://www.catalogueoflife.org/data/taxon/39HWK","SPECIES","",""
"Aves","","","Laridae","Larus","Larus Linnaeus, 1758","","","b3c0dee2ca68b55cc4c83a2e0cde8337","","","Animalia","","","1767","ICZN","","Charadriiformes","Chordata","Larus hyperboreus Gunnerus, 1767","Gunnerus, 1767","","hyperboreus","","","https://www.catalogueoflife.org/data/taxon/3SBQG","SPECIES","",""
"Aves","","","Fringillidae Leach, 1820","Carduelis","Spinus Koch, 1816","","","4857deb06a189861779eb91677badec7","","tristis","Animalia","","","","ICZN","","Passeriformes","Chordata","Spinus tristis tristis (Linnaeus, 1758)","(Linnaeus, 1758)","","tristis","","","https://www.catalogueoflife.org/data/taxon/BP375","SUBSPECIES","",""
"Aves","","","Thraupidae","Sporophila","Sporophila Cabanis, 1844","","","ab25e8f65898f28c4a7c94b4d6603b9b","","americana","Animalia","","","","ICZN","","Passeriformes","Chordata","Sporophila americana americana (J. F. Gmelin, 1789)","(J. F. Gmelin, 1789)","","americana","","","https://www.catalogueoflife.org/data/taxon/BP38M","SUBSPECIES","",""
"Aves","","","Laridae","Larus","Larus Linnaeus, 1758","","","37db8d1fbe19af443c81b28735fdb939","","","Animalia","","","1823","ICZN","","Charadriiformes","Chordata","Larus dominicanus M. H. K. Lichtenstein, 1823","M. H. K. Lichtenstein, 1823","","dominicanus","","","https://www.catalogueoflife.org/data/taxon/3SBQ5","SPECIES","",""
"Aves","","","Corvidae Leach, 1820","Platylophus","Platylophus Swainson, 1832","","","720ecff652a201ab7e41607464828bc4","","ardesiacus","Animalia","","","","ICZN","","Passeriformes","Chordata","Platylophus galericulatus ardesiacus (Bonaparte, 1850)","(Bonaparte, 1850)","","galericulatus","","","https://www.catalogueoflife.org/data/taxon/BNW4G","SUBSPECIES","",""
"Aves","","","Cisticolidae Sundevall, 1872","Prinia","Prinia Horsfield, 1821","","","613468273dbfc5d8b0371d4f7793b85f","","","Animalia","","","1844","ICZN","","Passeriformes","Chordata","Prinia buchanani Blyth, 1844","Blyth, 1844","","buchanani","","","https://www.catalogueoflife.org/data/taxon/4MDWB","SPECIES","",""
"Aves","","","Cisticolidae Sundevall, 1872","Cisticola","Cisticola Kaup, 1829","","","b3dc924df9f113d4bff8da87ebf2f0a4","","juncidis","Animalia","","","","ICZN","","Passeriformes","Chordata","Cisticola juncidis juncidis (Rafinesque, 1810)","(Rafinesque, 1810)","","juncidis","","","https://www.catalogueoflife.org/data/taxon/BN7S3","SUBSPECIES","",""
"Aves","","","Furnariidae","Leptasthenura","Leptasthenura Reichenbach, 1853","","","49854ba29f385015a67ec4fb23d06657","","aegithaloides","Animalia","","","","ICZN","","Passeriformes","Chordata","Leptasthenura aegithaloides aegithaloides (Kittlitz, 1830)","(Kittlitz, 1830)","","aegithaloides","","","https://www.catalogueoflife.org/data/taxon/BNL8P","SUBSPECIES","",""
"Aves","","","Nectariniidae Vigors, 1825","Anthreptes","Anthreptes Swainson, 1832","","","2546a369ec8ca00748466871dc8d3583","","malacensis","Animalia","","","","ICZN","","Passeriformes","Chordata","Anthreptes malacensis malacensis (Scopoli, 1786)","(Scopoli, 1786)","","malacensis","","","https://www.catalogueoflife.org/data/taxon/BMZTY","SUBSPECIES","",""
"Aves","","","Pipridae","Pipra","Pipra Linnaeus, 1764","","","3c9438f0b904356c196f19d1a2735d8d","","erythrocephala","Animalia","","","","ICZN","","Passeriformes","Chordata","Pipra erythrocephala erythrocephala (Linnaeus, 1758)","(Linnaeus, 1758)","","erythrocephala","","","https://www.catalogueoflife.org/data/taxon/5KGHX","SUBSPECIES","",""
"Aves","","","Cuculidae","Cuculus","Cuculus Linnaeus, 1758","","","e434587849e64af835a267924a2b7912","","canorus","Animalia","","","1758","ICZN","","Cuculiformes","Chordata","Cuculus canorus canorus Linnaeus, 1758","Linnaeus, 1758","","canorus","Cuculinae","","https://www.catalogueoflife.org/data/taxon/BN9V9","SUBSPECIES","",""
"Aves","","","Thraupidae","Tangara","Stilpnia K. J. Burns, Unitt & N. A. Mason, 2016","","","a4efba37207886df181cb5c772fdb9f7","","larvata","Animalia","","","","ICZN","","Passeriformes","Chordata","Stilpnia larvata larvata (Du Bus de Gisignies, 1846)","(Du Bus de Gisignies, 1846)","","larvata","","","https://www.catalogueoflife.org/data/taxon/B77Z2","SUBSPECIES","",""
"Aves","","","Scolopacidae Rafinesque, 1815","Arenaria","Arenaria Brisson, 1760","","","ef6fdf4a6eeb5d436d513ae91faab230","","","Animalia","","","","ICZN","","Charadriiformes","Chordata","Arenaria interpres (Linnaeus, 1758)","(Linnaeus, 1758)","","interpres","","","https://www.catalogueoflife.org/data/taxon/67RLB","SPECIES","",""
"Aves","","","Turdidae","Hylocichla","Hylocichla S. F. Baird, 1864","","","10ec38ea333814051bd0e28d76f191ce","","","Animalia","","","","ICZN","","Passeriformes","Chordata","Hylocichla mustelina (Gmelin, 1789)","(Gmelin, 1789)","","mustelina","","","https://www.catalogueoflife.org/data/taxon/3NFZ4","SPECIES","",""
"Aves","","","Scolopacidae Rafinesque, 1815","Tringa","Tringa Linnaeus, 1758","","","4a3b8c11a1cb848cea83a2649698f1b2","","robusta","Animalia","","","","ICZN","","Charadriiformes","Chordata","Tringa totanus robusta (Schiøler, 1919)","(Schiøler, 1919)","","totanus","","","https://www.catalogueoflife.org/data/taxon/BP5XH","SUBSPECIES","",""
"Aves","","","Columbidae","Ptilinopus","Ptilinopus Swainson, 1825","","","0421c7b9a207a70ecdb1cce76a656d91","","viridis","Animalia","","","","ICZN","","Columbiformes","Chordata","Ptilinopus viridis viridis (Linnaeus, 1766)","(Linnaeus, 1766)","","viridis","Treroninae","","https://www.catalogueoflife.org/data/taxon/BNXZ2","SUBSPECIES","",""
"Aves","","","Psittaculidae","Tanygnathus","Tanygnathus Wagler, 1832","","","9cb29a87fff2d7dc5f5cf1500583ad96","","megalorynchos","Animalia","","","","ICZN","","Psittaciformes","Chordata","Tanygnathus megalorynchos megalorynchos (Boddaert, 1783)","(Boddaert, 1783)","","megalorynchos","","","https://www.catalogueoflife.org/data/taxon/BP4H6","SUBSPECIES","",""
"Aves","","","Alcedinidae","Pelargopsis","Pelargopsis Gloger, 1841","","","f1af010712959d964d794e4274697b06","","simalurensis","Animalia","","","1903","ICZN","","Coraciiformes","Chordata","Pelargopsis capensis simalurensis Richmond, 1903","Richmond, 1903","","capensis","Halcyoninae","","https://www.catalogueoflife.org/data/taxon/BNSWJ","SUBSPECIES","",""
"Aves","","","Charadriidae","","Belonopteris","","","9a99b0de2427646f5b8001531c202535","","","Animalia","","","1820","ICZN","","Charadriiformes","Chordata","Charadriidae Leach, 1820","Leach, 1820","","","","","https://www.catalogueoflife.org/data/taxon/824","FAMILY","",""
"Aves","","","Anatidae Leach, 1820","Mergus","Mergus Linnaeus, 1758","","","daab2f42ed1a34b8927c4fb270580200","","","Animalia","","","1758","ICZN","","Anseriformes","Chordata","Mergus serrator Linnaeus, 1758","Linnaeus, 1758","","serrator","","","https://www.catalogueoflife.org/data/taxon/3ZTRQ","SPECIES","",""
"Aves","","","Anatidae Leach, 1820","Aythya","Aythya F. Boie, 1822","","","47c62c1dd1ade9d8a1dac09aaf7a4f07","","marila","Animalia","","","","ICZN","","Anseriformes","Chordata","Aythya marila marila (Linnaeus, 1761)","(Linnaeus, 1761)","","marila","","","https://www.catalogueoflife.org/data/taxon/BN3FF","SUBSPECIES","",""
"Aves","","","Turdidae","Turdus","Turdus Linnaeus, 1758","","","b8ecca683339478b8e9d4e74a776ee5c","","rubripes","Animalia","","","1826","ICZN","","Passeriformes","Chordata","Turdus plumbeus rubripes Temminck, 1826","Temminck, 1826","","plumbeus","","","https://www.catalogueoflife.org/data/taxon/BP6GC","SUBSPECIES","",""
"Aves","","","Pachycephalidae Swainson, 1831","Pachycephala","Pachycephala Vigors, 1825","","","b312a59f5be4edfb9f316a9f3d946643","","macrorhyncha","Animalia","","","1849","ICZN","","Passeriformes","Chordata","Pachycephala macrorhyncha macrorhyncha Strickland, 1849","Strickland, 1849","","macrorhyncha","","","https://www.catalogueoflife.org/data/taxon/BNS27","SUBSPECIES","",""
"Aves","","","Charadriidae Leach, 1820","Eudromias","Charadrius Linnaeus, 1758","","","cb916b728ca8b6b6775a86ff7bd4fd13","","","Animalia","","","1758","ICZN","","Charadriiformes","Chordata","Charadrius morinellus Linnaeus, 1758","Linnaeus, 1758","","morinellus","","","https://www.catalogueoflife.org/data/taxon/TMX9","SPECIES","",""
"Aves","","","Trogonidae","Harpactes","Apalharpactes Bonaparte, 1854","","","fab3e1c878812b35fec843ef5deb1fa0","","","Animalia","","","","ICZN","","Trogoniformes","Chordata","Apalharpactes reinwardtii (Temminck, 1822)","(Temminck, 1822)","","reinwardtii","","","https://www.catalogueoflife.org/data/taxon/8VN38","SPECIES","",""
"Aves","","","Charadriidae Leach, 1820","Pluvialis","Pluvialis Brisson, 1760","","","02c019973e8a9cb7babdbe7fd083ea3f","","squatarola","Animalia","","","","ICZN","","Charadriiformes","Chordata","Pluvialis squatarola squatarola (Linnaeus, 1758)","(Linnaeus, 1758)","","squatarola","","","https://www.catalogueoflife.org/data/taxon/5KJ8F","SUBSPECIES","",""
"Aves","","","Ciconiidae Sundevall, 1836","Ciconia","Ciconia Brisson, 1760","","","7f5b3ae4ef5488fbf6316fbe293bbf6f","","ciconia","Animalia","","","","ICZN","","Ciconiiformes","Chordata","Ciconia ciconia ciconia (Linnaeus, 1758)","(Linnaeus, 1758)","","ciconia","","","https://www.catalogueoflife.org/data/taxon/BN7FJ","SUBSPECIES","",""
"Aves","","","Scolopacidae Rafinesque, 1815","Numenius","Numenius Brisson, 1760","","","892924debb79b618dcf35365e86991bd","","arquata","Animalia","","","","ICZN","","Charadriiformes","Chordata","Numenius arquata arquata (Linnaeus, 1758)","(Linnaeus, 1758)","","arquata","","","https://www.catalogueoflife.org/data/taxon/BNQV6","SUBSPECIES","",""
"Aves","","","Strigidae","Asio","Asio Brisson, 1760","","","1df63a8a551242c4a0c611833e2c4cc3","","flammeus","Animalia","","","","ICZN","","Strigiformes","Chordata","Asio flammeus flammeus (Pontoppidan, 1763)","(Pontoppidan, 1763)","","flammeus","Asioninae","","https://www.catalogueoflife.org/data/taxon/5FT39","SUBSPECIES","",""
"Aves","","","Pycnonotidae G. R. Gray, 1840","Hypsipetes","Ixos Temminck, 1825","","","b67156b798f1d63b192f536b0319897a","","","Animalia","","","1825","ICZN","","Passeriformes","Chordata","Ixos virescens Temminck, 1825","Temminck, 1825","","virescens","","","https://www.catalogueoflife.org/data/taxon/3QHRK","SPECIES","",""
"Aves","","","Ploceidae Sundevall, 1836","Ploceus","Ploceus Cuvier, 1816","","","7f6aaccdeede69bc3193fb11696d6b73","","hypoxanthus","Animalia","","","","ICZN","","Passeriformes","Chordata","Ploceus hypoxanthus hypoxanthus (Sparrman, 1788)","(Sparrman, 1788)","","hypoxanthus","","","https://www.catalogueoflife.org/data/taxon/BNW8F","SUBSPECIES","",""
"Aves","","","Corvidae Leach, 1820","Platylophus","Platylophus Swainson, 1832","","","bcb90a8990af5728951378dfa058ed1f","","galericulatus","Animalia","","","","ICZN","","Passeriformes","Chordata","Platylophus galericulatus galericulatus (Cuvier, 1816)","(Cuvier, 1816)","","galericulatus","","","https://www.catalogueoflife.org/data/taxon/BNW4J","SUBSPECIES","",""
"Aves","","","Psittaculidae","Charmosyna","Hypocharmosyna Salvadori, 1891","","","50388f34bd9bad0933be60ffeb534de5","","intensior","Animalia","","","1928","ICZN","","Psittaciformes","Chordata","Hypocharmosyna placentis intensior Kinnear, 1928","Kinnear, 1928","","placentis","","","https://www.catalogueoflife.org/data/taxon/C462F","SUBSPECIES","",""
"Aves","","","Timaliidae Vigors & Horsfield, 1827","Macronus","Macronus Jardine & Selby, 1835","","","3d408a406fc9b9d50a8d78234ca80533","","gularis","Animalia","","","","ICZN","","Passeriformes","Chordata","Macronus gularis gularis (Horsfield, 1822)","(Horsfield, 1822)","","gularis","","","https://www.catalogueoflife.org/data/taxon/5JH98","SUBSPECIES","",""
"Aves","","","Corvidae Leach, 1820","","Platysmurus","","","18c2fb275193d169e9971290285c8941","","","Animalia","","","1850","ICZN","","Passeriformes","Chordata","Platysmurus Reichenbach, 1850","Reichenbach, 1850","","","","","https://www.catalogueoflife.org/data/taxon/6S4T","GENUS","",""
"Aves","","","Fringillidae Leach, 1820","Loxia","Loxia Linnaeus, 1758","","","e68f297a64ff15f69dc40fe39b2714a9","","curvirostra","Animalia","","","1758","ICZN","","Passeriformes","Chordata","Loxia curvirostra curvirostra Linnaeus, 1758","Linnaeus, 1758","","curvirostra","","","https://www.catalogueoflife.org/data/taxon/BNM6G","SUBSPECIES","",""
"Aves","","","Laridae","Larus","Larus Linnaeus, 1758","","","19f1e8863eef01a3cc0d7eea5da5c02f","","glaucoides","Animalia","","","1822","ICZN","","Charadriiformes","Chordata","Larus glaucoides glaucoides B. Meyer, 1822","B. Meyer, 1822","","glaucoides","","","https://www.catalogueoflife.org/data/taxon/BNL22","SUBSPECIES","",""
"Aves","","","Columbidae","Streptopelia","Spilopelia Sundevall, 1873","","","7f8b962518505c6875a58efb0f32fc88","","tigrina","Animalia","","","","ICZN","","Columbiformes","Chordata","Spilopelia chinensis tigrina (Temminck, 1809)","(Temminck, 1809)","","chinensis","Columbinae","","https://www.catalogueoflife.org/data/taxon/5L9G5","SUBSPECIES","",""
"Aves","","","Estrildidae Bonaparte, 1850","Lonchura","Lonchura Sykes, 1832","","","020de4d0b80d30a7591157c55381b4ab","","","Animalia","","","","ICZN","","Passeriformes","Chordata","Lonchura leucogastroides (Moore, 1858)","(Moore, 1858)","","leucogastroides","","","https://www.catalogueoflife.org/data/taxon/6QMP9","SPECIES","",""
"Aves","","","Threskiornithidae Poche, 1904","Platalea","Platalea Linnaeus, 1758","","","a3b45febf3ceda3419c52e3572e95dc2","","leucorodia","Animalia","","","1758","ICZN","","Pelecaniformes","Chordata","Platalea leucorodia leucorodia Linnaeus, 1758","Linnaeus, 1758","","leucorodia","Plataleinae Bonaparte, 1838","","https://www.catalogueoflife.org/data/taxon/BNW3H","SUBSPECIES","",""
"Aves","","","Laniidae Rafinesque, 1815","Lanius","Lanius Linnaeus, 1758","","","cb20bd82feedeedbb64639b1384e3ac2","","bentet","Animalia","","","1821","ICZN","","Passeriformes","Chordata","Lanius schach bentet Horsfield, 1821","Horsfield, 1821","","schach","","","https://www.catalogueoflife.org/data/taxon/BNKYC","SUBSPECIES","",""
"Aves","","","Sturnidae Rafinesque, 1815","Aplonis","Aplonis Gould, 1836","","","f60cd89fd9ce06210d14e8a7b271bc5c","","","Animalia","","","","ICZN","","Passeriformes","Chordata","Aplonis mysolensis (G. R. Gray, 1862)","(G. R. Gray, 1862)","","mysolensis","","","https://www.catalogueoflife.org/data/taxon/FPJJ","SPECIES","",""
"Aves","","","Eupetidae","Eupetes","Eupetes Temminck, 1831","","","a61e2a98715be2164d5601bbd90b1467","","macrocerus","Animalia","","","1831","ICZN","","Passeriformes","Chordata","Eupetes macrocerus macrocerus Temminck, 1831","Temminck, 1831","","macrocerus","","","https://www.catalogueoflife.org/data/taxon/BNF9D","SUBSPECIES","",""
"Aves","","","Fringillidae Leach, 1820","Pyrrhula","Pyrrhula Brisson, 1760","","","2e7dfdf741c89133d6a906c9b871954e","","europaea","Animalia","","","1816","ICZN","","Passeriformes","Chordata","Pyrrhula pyrrhula europaea Vieillot, 1816","Vieillot, 1816","","pyrrhula","","","https://www.catalogueoflife.org/data/taxon/5KTDC","SUBSPECIES","",""
"Aves","","","Acanthizidae Bonaparte, 1854","Sericornis","Sericornis Gould, 1838","","","1fbcbdcf7eb47bdd66353b06b7c82667","","","Animalia","","","1896","ICZN","","Passeriformes","Chordata","Sericornis perspicillatus Salvadori, 1896","Salvadori, 1896","","perspicillatus","","","https://www.catalogueoflife.org/data/taxon/6YJWN","SPECIES","",""
"Aves","","","Accipitridae Vigors, 1824","Accipiter","Accipiter Brisson, 1760","","","a815cb4f120128eb09be273126a41ce6","","nisus","Animalia","","","","ICZN","","Accipitriformes","Chordata","Accipiter nisus nisus (Linnaeus, 1758)","(Linnaeus, 1758)","","nisus","","","https://www.catalogueoflife.org/data/taxon/BMXYX","SUBSPECIES","",""
"Aves","","","Stenostiridae","Culicicapa","Culicicapa Swinhoe, 1871","","","5ba67dd4623b99f6ecd20b81be526244","","helianthea","Animalia","","","","ICZN","","Passeriformes","Chordata","Culicicapa helianthea helianthea (Wallace, 1865)","(Wallace, 1865)","","helianthea","","","https://www.catalogueoflife.org/data/taxon/BN9VT","SUBSPECIES","",""
"Aves","","","Tyrannidae","Myiobius","Myiobius Darwin, 1839","","","d00847d8a64079489545b06bfac2d5d6","","barbatus","Animalia","","","","ICZN","","Passeriformes","Chordata","Myiobius barbatus barbatus (Gmelin, 1789)","(Gmelin, 1789)","","barbatus","","","https://www.catalogueoflife.org/data/taxon/BNPSL","SUBSPECIES","",""
"Aves","","","Diomedeidae G. R. Gray, 1840","Diomedea","Thalassarche Reichenbach, 1853","","","5a527113566b0a1a78801a3f091e15cb","","","Animalia","","","","ICZN","","Procellariiformes","Chordata","Thalassarche melanophris (Temminck, 1828)","(Temminck, 1828)","","melanophris","","","https://www.catalogueoflife.org/data/taxon/7C5H9","SPECIES","",""
"Aves","","","Dicaeidae Bonaparte, 1853","Dicaeum","Dicaeum Cuvier, 1816","","","f69d4d42aeecefff1bfcbd5bc834aa99","","chrysorrheum","Animalia","","","1829","ICZN","","Passeriformes","Chordata","Dicaeum chrysorrheum chrysorrheum Temminck, 1829","Temminck, 1829","","chrysorrheum","","","https://www.catalogueoflife.org/data/taxon/BNBX3","SUBSPECIES","",""
"Aves","","","Rhipiduridae Sundevall, 1872","Rhipidura","Rhipidura Vigors & Horsfield, 1827","","","f8253c4a85c07a6b534c4ff9f392f213","","diluta","Animalia","","","1864","ICZN","","Passeriformes","Chordata","Rhipidura diluta diluta Wallace, 1864","Wallace, 1864","","diluta","","","https://www.catalogueoflife.org/data/taxon/BNYWF","SUBSPECIES","",""
"Aves","","","Paridae Vigors, 1825","Parus","Parus Linnaeus, 1758","","","393b5b4260b09fb8e19cab53da9130d7","","major","Animalia","","","1758","ICZN","","Passeriformes","Chordata","Parus major major Linnaeus, 1758","Linnaeus, 1758","","major","","","https://www.catalogueoflife.org/data/taxon/B773G","SUBSPECIES","",""
"Aves","","","Phasianidae","Phasianus","Phasianus Linnaeus, 1758","","","96c5f4a2087b4f98d84690e6220c978a","","","Animalia","","","1758","ICZN","","Galliformes","Chordata","Phasianus colchicus Linnaeus, 1758","Linnaeus, 1758","","colchicus","","","https://www.catalogueoflife.org/data/taxon/4FWMN","SPECIES","",""
"Aves","","","Trochilidae","Anthracothorax","Anthracothorax F. Boie, 1831","","","fe7c641f96fc98c9c073a86c1065ec65","","","Animalia","","","","ICZN","","Apodiformes","Chordata","Anthracothorax nigricollis (Vieillot, 1817)","(Vieillot, 1817)","","nigricollis","Trochilinae","","https://www.catalogueoflife.org/data/taxon/67H6R","SPECIES","",""
"Aves","","","Estrildidae Bonaparte, 1850","Uraeginthus","Uraeginthus Cabanis, 1851","","","ddd4a68d8a2ad81bddb15d4d525c2be1","","","Animalia","","","1879","ICZN","","Passeriformes","Chordata","Uraeginthus ianthinogaster Reichenow, 1879","Reichenow, 1879","","ianthinogaster","","","https://www.catalogueoflife.org/data/taxon/7DND3","SPECIES","",""
"Aves","","","Fringillidae Leach, 1820","Carduelis","Linaria Bechstein, 1802","","","7fc31b4b10fe1e7292b6277425e2cc02","","cannabina","Animalia","","","","ICZN","","Passeriformes","Chordata","Linaria cannabina cannabina (Linnaeus, 1758)","(Linnaeus, 1758)","","cannabina","","","https://www.catalogueoflife.org/data/taxon/BNLPW","SUBSPECIES","",""
"Aves","","","Scolopacidae Rafinesque, 1815","Arenaria","Arenaria Brisson, 1760","","","3530933acdc39c534857b59512a5783d","","interpres","Animalia","","","","ICZN","","Charadriiformes","Chordata","Arenaria interpres interpres (Linnaeus, 1758)","(Linnaeus, 1758)","","interpres","","","https://www.catalogueoflife.org/data/taxon/BN2MZ","SUBSPECIES","",""
"Aves","","","Megalaimidae","Megalaima","Psilopogon S. Müller, 1836","","","c8150dac19415a166b7bfa386f11f0f6","","","Animalia","","","","ICZN","","Piciformes","Chordata","Psilopogon rafflesii (R. Lesson, 1839)","(R. Lesson, 1839)","","rafflesii","","","https://www.catalogueoflife.org/data/taxon/7WP6N","SPECIES","",""
"Aves","","","Podicipedidae Bonaparte, 1831","Podiceps","Podiceps Latham, 1787","","","dd8aaf079b003291272150ed14f5450c","","grisegena","Animalia","","","","ICZN","","Podicipediformes","Chordata","Podiceps grisegena grisegena (Boddaert, 1783)","(Boddaert, 1783)","","grisegena","","","https://www.catalogueoflife.org/data/taxon/BNWCC","SUBSPECIES","",""
"Aves","","","Momotidae","Hylomanes","Hylomanes M. H. K. Lichtenstein, 1839","","","d892d10974174d01f98bae98a8901f02","","","Animalia","","","1839","ICZN","","Coraciiformes","Chordata","Hylomanes momotula M. H. K. Lichtenstein, 1839","M. H. K. Lichtenstein, 1839","","momotula","","","https://www.catalogueoflife.org/data/taxon/3NGC2","SPECIES","",""
"Aves","","","Nectariniidae Vigors, 1825","Nectarinia","Cinnyris Cuvier, 1816","","","143a3c8225616d1411a44db5b2c28a5d","","","Animalia","","","","ICZN","","Passeriformes","Chordata","Cinnyris erythrocercus (Hartlaub, 1857)","(Hartlaub, 1857)","","erythrocercus","","","https://www.catalogueoflife.org/data/taxon/5Z6TH","SPECIES","",""
"Aves","","","Anatidae Leach, 1820","Anser","Anser Brisson, 1760","","","1d4d6c4e570d190b1fe7b917fd3d10be","","","Animalia","","","","ICZN","","Anseriformes","Chordata","Anser anser (Linnaeus, 1758)","(Linnaeus, 1758)","","anser","","","https://www.catalogueoflife.org/data/taxon/679X7","SPECIES","",""
"Aves","","","Rallidae","Rallus","Rallus Linnaeus, 1758","","","e239aa73895d8d5c6f981c92473afa40","","aquaticus","Animalia","","","1758","ICZN","","Gruiformes","Chordata","Rallus aquaticus aquaticus Linnaeus, 1758","Linnaeus, 1758","","aquaticus","","","https://www.catalogueoflife.org/data/taxon/BNYGX","SUBSPECIES","",""
"Aves","","","Acanthizidae Bonaparte, 1854","Acanthiza","Acanthiza Vigors & Horsfield, 1827","","","a8403e0a1d75b579ad8c5249f1f69404","","","Animalia","","","","ICZN","","Passeriformes","Chordata","Acanthiza chrysorrhoa (Quoy & Gaimard, 1830)","(Quoy & Gaimard, 1830)","","chrysorrhoa","","","https://www.catalogueoflife.org/data/taxon/64D32","SPECIES","",""
"Aves","","","Regulidae Vigors, 1825","Regulus","Regulus Cuvier, 1800","","","0d08f60ba6da28415bc97f88d998ca66","","regulus","Animalia","","","","ICZN","","Passeriformes","Chordata","Regulus regulus regulus (Linnaeus, 1758)","(Linnaeus, 1758)","","regulus","","","https://www.catalogueoflife.org/data/taxon/BNYNL","SUBSPECIES","",""
"Aves","","","Galbulidae","Galbula","Galbula Brisson, 1760","","","80ee7923b402da765decd2391c1c63ab","","ruficauda","Animalia","","","1816","ICZN","","Piciformes","Chordata","Galbula ruficauda ruficauda Cuvier, 1816","Cuvier, 1816","","ruficauda","","","https://www.catalogueoflife.org/data/taxon/BNG5K","SUBSPECIES","",""
"Aves","","","Strigidae","Glaucidium","Glaucidium F. Boie, 1826","","","08ade0384a8053d17f55c7684a2ac820","","","Animalia","","","","ICZN","","Strigiformes","Chordata","Glaucidium perlatum (Vieillot, 1817)","(Vieillot, 1817)","","perlatum","Surniinae","","https://www.catalogueoflife.org/data/taxon/3G64D","SPECIES","",""
"Aves","","","Rallidae","Amaurornis","Amaurornis Reichenbach, 1853","","","c46ca9d2312b31b8ec8fdf79bf947293","","","Animalia","","","","ICZN","","Gruiformes","Chordata","Amaurornis phoenicurus (Pennant, 1769)","(Pennant, 1769)","","phoenicurus","","","https://www.catalogueoflife.org/data/taxon/65YPD","SPECIES","",""
"Aves","","","Muscicapidae Fleming, 1822","Grandala","Grandala Hodgson, 1843","","","4bd987662737f8150a7b4572b8a1bb00","","","Animalia","","","1843","ICZN","","Passeriformes","Chordata","Grandala coelicolor Hodgson, 1843","Hodgson, 1843","","coelicolor","","","https://www.catalogueoflife.org/data/taxon/3H7MZ","SPECIES","",""
"Aves","","","Columbidae","Ptilinopus","Ptilinopus Swainson, 1825","","","e94f05e56f91533fe7b993619f867626","","","Animalia","","","","ICZN","","Columbiformes","Chordata","Ptilinopus pulchellus (Temminck, 1835)","(Temminck, 1835)","","pulchellus","Treroninae","","https://www.catalogueoflife.org/data/taxon/4Q7P7","SPECIES","",""
"Aves","","","Eurylaimidae","Psarisomus","Psarisomus Swainson, 1837","","","7a6318abcec9a067aa83a22ae31aad1e","","psittacinus","Animalia","","","","ICZN","","Passeriformes","Chordata","Psarisomus dalhousiae psittacinus (S. Muller, 1836)","(S. Muller, 1836)","","dalhousiae","Eurylaiminae","","https://www.catalogueoflife.org/data/taxon/BNXJ9","SUBSPECIES","",""
"Aves","","","Hirundinidae Rafinesque, 1815","Progne","Progne F. Boie, 1826","","","167bc0a7671c593ed43f4a7846d2238f","","subis","Animalia","","","","ICZN","","Passeriformes","Chordata","Progne subis subis (Linnaeus, 1758)","(Linnaeus, 1758)","","subis","","","https://www.catalogueoflife.org/data/taxon/BNXBN","SUBSPECIES","",""
"Aves","","","Charadriidae Leach, 1820","Pluvialis","Pluvialis Brisson, 1760","","","893858189f98f090a70b2ef0304b7aca","","","Animalia","","","","ICZN","","Charadriiformes","Chordata","Pluvialis apricaria (Linnaeus, 1758)","(Linnaeus, 1758)","","apricaria","","","https://www.catalogueoflife.org/data/taxon/4KKPV","SPECIES","",""
"Aves","","","Ploceidae Sundevall, 1836","Ploceus","Ploceus Cuvier, 1816","","","6a80c902a5370391c8de97a608c5ef3b","","infortunatus","Animalia","","","1902","ICZN","","Passeriformes","Chordata","Ploceus philippinus infortunatus Hartert, 1902","Hartert, 1902","","philippinus","","","https://www.catalogueoflife.org/data/taxon/BNW9F","SUBSPECIES","",""
"Aves","","","Parulidae","Parula","Setophaga Swainson, 1827","","","40c060fb3ee101f70606d3b067b0afce","","","Animalia","","","","ICZN","","Passeriformes","Chordata","Setophaga americana (Linnaeus, 1758)","(Linnaeus, 1758)","","americana","","","https://www.catalogueoflife.org/data/taxon/4X3BD","SPECIES","",""
"Aves","","","Psittacidae","Bolborhynchus","Bolborhynchus Bonaparte, 1857","","","3222412b0556bd465d3ec4e5311adeca","","","Animalia","","","","ICZN","","Psittaciformes","Chordata","Bolborhynchus orbygnesius (Souancé, 1856)","(Souancé, 1856)","","orbygnesius","","","https://www.catalogueoflife.org/data/taxon/MBNX","SPECIES","",""
"Aves","","","Turdidae","Turdus","Turdus Linnaeus, 1758","","","9fe18d6b34e36d84ba3012561c0618d5","","","Animalia","","","1758","ICZN","","Passeriformes","Chordata","Turdus pilaris Linnaeus, 1758","Linnaeus, 1758","","pilaris","","","https://www.catalogueoflife.org/data/taxon/59PMS","SPECIES","",""
"Aves","","","Prunellidae Richmond, 1908","Prunella","Prunella Vieillot, 1816","","","ce49f160ef967559e9730198249bb6cf","","modularis","Animalia","","","","ICZN","","Passeriformes","Chordata","Prunella modularis modularis (Linnaeus, 1758)","(Linnaeus, 1758)","","modularis","","","https://www.catalogueoflife.org/data/taxon/BNXGG","SUBSPECIES","",""
"Aves","","","Nectariniidae Vigors, 1825","Arachnothera","Arachnothera Temminck, 1826","","","85d960f48c4ef7545d7ae75bea40fd8f","","concolor","Animalia","","","1882","ICZN","","Passeriformes","Chordata","Arachnothera modesta concolor Snelleman, 1882","Snelleman, 1882","","modesta","","","https://www.catalogueoflife.org/data/taxon/BN2G7","SUBSPECIES","",""
"Aves","","","Platysteiridae Mathews, 1922","Platysteira","Platysteira Jardine & Selby, 1830","","","c6620cbdb18eb76ee92c36eb5bd3a8f2","","peltata","Animalia","","","1850","ICZN","","Passeriformes","Chordata","Platysteira peltata peltata Sundevall, 1850","Sundevall, 1850","","peltata","","","https://www.catalogueoflife.org/data/taxon/BNW5Y","SUBSPECIES","",""
"Aves","","","Psittaculidae","Domicella","Lorius Vigors, 1825","","","2360331a9756cca4fa782ccff1c74711","","","Animalia","","","","ICZN","","Psittaciformes","Chordata","Lorius garrulus (Linnaeus, 1758)","(Linnaeus, 1758)","","garrulus","","","https://www.catalogueoflife.org/data/taxon/6QNYV","SPECIES","",""
"Aves","","","Paridae Vigors, 1825","","Parus","","","5a39871daf747e9e47ada5cf0c92205c","","","Animalia","","","1758","ICZN","","Passeriformes","Chordata","Parus Linnaeus, 1758","Linnaeus, 1758","","","","","https://www.catalogueoflife.org/data/taxon/6J9Z","GENUS","",""
"Aves","","","Podicipedidae Bonaparte, 1831","Podiceps","Podiceps Latham, 1787","","","d6c8712273c868c797d4f7e904f3850e","","cristatus","Animalia","","","","ICZN","","Podicipediformes","Chordata","Podiceps cristatus cristatus (Linnaeus, 1758)","(Linnaeus, 1758)","","cristatus","","","https://www.catalogueoflife.org/data/taxon/BNWC9","SUBSPECIES","",""
"Aves","","","Trochilidae","Phaethornis","Phaethornis Swainson, 1827","","","00afbf71348e63a211d327f95ecf9392","","guy","Animalia","","","","ICZN","","Apodiformes","Chordata","Phaethornis guy guy (R. Lesson, 1833)","(R. Lesson, 1833)","","guy","Phaethornithinae","","https://www.catalogueoflife.org/data/taxon/BNTN2","SUBSPECIES","",""
"Aves","","","Picidae","Melanerpes","Melanerpes Swainson, 1832","","","3ea9ba6b50a9ac9fc6d7186b738ccc3c","","","Animalia","","","","ICZN","","Piciformes","Chordata","Melanerpes erythrocephalus (Linnaeus, 1758)","(Linnaeus, 1758)","","erythrocephalus","Picinae","","https://www.catalogueoflife.org/data/taxon/739DW","SPECIES","",""
"Aves","","","Alaudidae Vigors, 1825","Eremophila","Eremophila F. Boie, 1828","","","a0ee9a4f0b9396b99fd287935c49635e","","longirostris","Animalia","","","","ICZN","","Passeriformes","Chordata","Eremophila alpestris longirostris (Moore, 1856)","(Moore, 1856)","","alpestris","","","https://www.catalogueoflife.org/data/taxon/BNDLQ","SUBSPECIES","",""
"Aves","","","Pittidae","Pitta","Pitta Vieillot, 1816","","","96c5fe551199ae23ce4b729689dff229","","erythrogaster","Animalia","","","1823","ICZN","","Passeriformes","Chordata","Pitta erythrogaster erythrogaster Temminck, 1823","Temminck, 1823","","erythrogaster","","","https://www.catalogueoflife.org/data/taxon/5KGTY","SUBSPECIES","",""
"Aves","","","Recurvirostridae","Recurvirostra","Recurvirostra Linnaeus, 1758","","","3df34d8297fc3ca4d4d0ab9ab57c73ef","","","Animalia","","","1758","ICZN","","Charadriiformes","Chordata","Recurvirostra avosetta Linnaeus, 1758","Linnaeus, 1758","","avosetta","","","https://www.catalogueoflife.org/data/taxon/4RP59","SPECIES","",""
"Aves","","","Columbidae","Ocyphaps","Ocyphaps G. R. Gray, 1842","","","80f272f37bad3d56219273e77be02bbd","","","Animalia","","","","ICZN","","Columbiformes","Chordata","Ocyphaps lophotes (Temminck, 1822)","(Temminck, 1822)","","lophotes","Columbinae","","https://www.catalogueoflife.org/data/taxon/74HFL","SPECIES","",""
"Aves","","","Ardeidae Leach, 1820","Botaurus","Botaurus Stephens, 1819","","","abfcf58ac6885a7e41dd16f2be10853a","","stellaris","Animalia","","","","ICZN","","Pelecaniformes","Chordata","Botaurus stellaris stellaris (Linnaeus, 1758)","(Linnaeus, 1758)","","stellaris","Botaurinae Reichenbach, 1850","","https://www.catalogueoflife.org/data/taxon/BN3YG","SUBSPECIES","",""
"Aves","","","Pycnonotidae G. R. Gray, 1840","Hypsipetes","Hypsipetes Vigors, 1831","","","991c039199db72ccf709f6ac17caceec","","","Animalia","","","","ICZN","","Passeriformes","Chordata","Hypsipetes madagascariensis (Statius Muller, 1776)","(Statius Muller, 1776)","","madagascariensis","","","https://www.catalogueoflife.org/data/taxon/3P474","SPECIES","",""
"Aves","","","Psittacidae","Amazona","Amazona R. Lesson, 1830","","","8c3e92f0d363c2a1fe5ad7a4caaf42ac","","","Animalia","","","","ICZN","","Psittaciformes","Chordata","Amazona finschi (P. L. Sclater, 1864)","(P. L. Sclater, 1864)","","finschi","","","https://www.catalogueoflife.org/data/taxon/5TZSD","SPECIES","",""
"Aves","","","Psittaculidae","Trichoglossus","Trichoglossus Stephens, 1826","","","1584502881444127192354565a20f44b","","","Animalia","","","","ICZN","","Psittaciformes","Chordata","Trichoglossus haematodus (Linnaeus, 1771)","(Linnaeus, 1771)","","haematodus","","","https://www.catalogueoflife.org/data/taxon/58CK3","SPECIES","",""
"Aves","","","Turdidae","Turdus","Turdus Linnaeus, 1758","","","9b52114e7d72afc78ef511e64133a7db","","","Animalia","","","1887","ICZN","","Passeriformes","Chordata","Turdus celaenops Stejneger, 1887","Stejneger, 1887","","celaenops","","","https://www.catalogueoflife.org/data/taxon/59PL7","SPECIES","",""
"Aves","","","Corvidae Leach, 1820","Pica","Pica Brisson, 1760","","","9108d0bd8b03a3ecd9c6d86079b06c2f","","pica","Animalia","","","","ICZN","","Passeriformes","Chordata","Pica pica pica (Linnaeus, 1758)","(Linnaeus, 1758)","","pica","","","https://www.catalogueoflife.org/data/taxon/BNVHW","SUBSPECIES","",""
"Aves","","","Laniidae Rafinesque, 1815","Lanius","Lanius Linnaeus, 1758","","","fe0aee3f21a0ecad4989ad4443522355","","excubitor","Animalia","","","1758","ICZN","","Passeriformes","Chordata","Lanius excubitor excubitor Linnaeus, 1758","Linnaeus, 1758","","excubitor","","","https://www.catalogueoflife.org/data/taxon/BNKXL","SUBSPECIES","",""
"Aves","","","Furnariidae","Synallaxis","Synallaxis Vieillot, 1818","","","36105b3756b714e121a1484da333e979","","","Animalia","","","1859","ICZN","","Passeriformes","Chordata","Synallaxis frontalis Pelzeln, 1859","Pelzeln, 1859","","frontalis","","","https://www.catalogueoflife.org/data/taxon/7B7VW","SPECIES","",""
"Aves","","","Chloropseidae Wetmore, 1960","Chloropsis","Chloropsis Jardine & Selby, 1827","","","a9c513c88707e09800701e2d4fb8060e","","","Animalia","","","","ICZN","","Passeriformes","Chordata","Chloropsis cochinchinensis (Gmelin, 1789)","(Gmelin, 1789)","","cochinchinensis","","","https://www.catalogueoflife.org/data/taxon/5Y9JL","SPECIES","",""
"Aves","","","Rallidae","Fulica","Fulica Linnaeus, 1758","","","8434c284a0cc2860b3d0ae0743525426","","atra","Animalia","","","1758","ICZN","","Gruiformes","Chordata","Fulica atra atra Linnaeus, 1758","Linnaeus, 1758","","atra","","","https://www.catalogueoflife.org/data/taxon/BNG2R","SUBSPECIES","",""
"Aves","","","Laridae","Sterna","Thalasseus F. Boie, 1822","","","cb86b01bd2526cffc599bdfc54b0e103","","","Animalia","","","","ICZN","","Charadriiformes","Chordata","Thalasseus sandvicensis (Latham, 1787)","(Latham, 1787)","","sandvicensis","","","https://www.catalogueoflife.org/data/taxon/7C5FT","SPECIES","",""
"Aves","","","Trochilidae","Thalurania","Thalurania Gould, 1848","","","294343147b00ba7e9e1ebd5707cc7f1b","","furcata","Animalia","","","","ICZN","","Apodiformes","Chordata","Thalurania furcata furcata (J. F. Gmelin, 1788)","(J. F. Gmelin, 1788)","","furcata","Trochilinae","","https://www.catalogueoflife.org/data/taxon/BP4VX","SUBSPECIES","",""
"Aves","","","Muscicapidae Fleming, 1822","Erithacus","Erithacus Cuvier, 1800","","","c07fe7938cbfffe7448adc8c50a9b823","","rubecula","Animalia","","","","ICZN","","Passeriformes","Chordata","Erithacus rubecula rubecula (Linnaeus, 1758)","(Linnaeus, 1758)","","rubecula","","","https://www.catalogueoflife.org/data/taxon/BNDT3","SUBSPECIES","",""
"Aves","","","Oriolidae Vigors, 1825","Oriolus","Oriolus Linnaeus, 1766","","","8ad1b7ac4d0c79f7705ba1528b217871","","celebensis","Animalia","","","","ICZN","","Passeriformes","Chordata","Oriolus chinensis celebensis (Walden, 1872)","(Walden, 1872)","","chinensis","","","https://www.catalogueoflife.org/data/taxon/BNRJY","SUBSPECIES","",""
"Aves","","","Corvidae Leach, 1820","Corvus","Corvus Linnaeus, 1758","","","d65edfbdde290e2060ec0066b3eb5c97","","","Animalia","","","1758","ICZN","","Passeriformes","Chordata","Corvus corone Linnaeus, 1758","Linnaeus, 1758","","corone","","","https://www.catalogueoflife.org/data/taxon/YNHJ","SPECIES","",""
"Aves","","","Motacillidae Horsfield, 1821","Anthus","Anthus Bechstein, 1805","","","ec1283a1e71ca070452a0f67e5614d9d","","pratensis","Animalia","","","","ICZN","","Passeriformes","Chordata","Anthus pratensis pratensis (Linnaeus, 1758)","(Linnaeus, 1758)","","pratensis","","","https://www.catalogueoflife.org/data/taxon/BMZXV","SUBSPECIES","",""
"Aves","","","Muscicapidae Fleming, 1822","Ficedula","Ficedula Brisson, 1760","","","66c9c35df73478a1803afdd1209971d4","","","Animalia","","","","ICZN","","Passeriformes","Chordata","Ficedula hypoleuca (Pallas, 1764)","(Pallas, 1764)","","hypoleuca","","","https://www.catalogueoflife.org/data/taxon/6HWGP","SPECIES","",""
"Aves","","","Podicipedidae Bonaparte, 1831","Podiceps","Podiceps Latham, 1787","","","96a107114f7ca1079fd1e050fa2c9210","","nigricollis","Animalia","","","1831","ICZN","","Podicipediformes","Chordata","Podiceps nigricollis nigricollis C. L. Brehm, 1831","C. L. Brehm, 1831","","nigricollis","","","https://www.catalogueoflife.org/data/taxon/BNWCK","SUBSPECIES","",""
"Aves","","","Tytonidae","Tyto","Tyto Billberg, 1828","","","9728e726b55b016dad7c97aec1405a85","","guttata","Animalia","","","","ICZN","","Strigiformes","Chordata","Tyto alba guttata (C. L. Brehm, 1831)","(C. L. Brehm, 1831)","","alba","Tytoninae","","https://www.catalogueoflife.org/data/taxon/7L6XK","SUBSPECIES","",""
"Aves","","","Icteridae","Molothrus","Molothrus Swainson, 1832","","","90fb71971a190034abc73458c328dd3c","","artemisiae","Animalia","","","1909","ICZN","","Passeriformes","Chordata","Molothrus ater artemisiae Grinnell, 1909","Grinnell, 1909","","ater","","","https://www.catalogueoflife.org/data/taxon/BNP8B","SUBSPECIES","",""
"Aves","","","Alcedinidae","Alcedo","Alcedo Linnaeus, 1758","","","bbbb48f06b15797bd62fd080a1ea9b66","","bengalensis","Animalia","","","1788","ICZN","","Coraciiformes","Chordata","Alcedo atthis bengalensis J. F. Gmelin, 1788","J. F. Gmelin, 1788","","atthis","Alcedininae","","https://www.catalogueoflife.org/data/taxon/BMYV4","SUBSPECIES","",""
"Aves","","","Laridae","Gelochelidon","Gelochelidon C. L. Brehm, 1830","","","71206a118502798d66d7e2b95b84da09","","","Animalia","","","","ICZN","","Charadriiformes","Chordata","Gelochelidon nilotica (J. F. Gmelin, 1789)","(J. F. Gmelin, 1789)","","nilotica","","","https://www.catalogueoflife.org/data/taxon/3FJY7","SPECIES","",""
"Aves","","","Anatidae Leach, 1820","Dendrocygna","Dendrocygna Swainson, 1837","","","555f3959acdb48a891d24e6f23ed8199","","","Animalia","","","1866","ICZN","","Anseriformes","Chordata","Dendrocygna guttata Schlegel, 1866","Schlegel, 1866","","guttata","","","https://www.catalogueoflife.org/data/taxon/34Q34","SPECIES","",""
"Aves","","","Phylloscopidae","Phylloscopus","Phylloscopus F. Boie, 1826","","","1cca7e1780d3e22167759da30e0016c8","","","Animalia","","","","ICZN","","Passeriformes","Chordata","Phylloscopus trochilus (Linnaeus, 1758)","(Linnaeus, 1758)","","trochilus","","","https://www.catalogueoflife.org/data/taxon/77FNC","SPECIES","",""
"Aves","","","Charadriidae Leach, 1820","Charadrius","Charadrius Linnaeus, 1758","","","3f5cb3ec76b4d9efa033f92aad9e53ce","","curonicus","Animalia","","","1789","ICZN","","Charadriiformes","Chordata","Charadrius dubius curonicus J. F. Gmelin, 1789","J. F. Gmelin, 1789","","dubius","","","https://www.catalogueoflife.org/data/taxon/BN6SJ","SUBSPECIES","",""
"Aves","","","Trochilidae","Chrysuronia","Chrysuronia Bonaparte, 1850","","","4489dffedda70bf0da1415c566bd03f8","","oenone","Animalia","","","","ICZN","","Apodiformes","Chordata","Chrysuronia oenone oenone (R. Lesson, 1832)","(R. Lesson, 1832)","","oenone","Trochilinae","","https://www.catalogueoflife.org/data/taxon/BN7D2","SUBSPECIES","",""
"Aves","","","Phylloscopidae","Phylloscopus","Phylloscopus F. Boie, 1826","","","b7fef09c74cb1b4db6626e08da279a6f","","","Animalia","","","","ICZN","","Passeriformes","Chordata","Phylloscopus borealis (J. H. Blasius, 1858)","(J. H. Blasius, 1858)","","borealis","","","https://www.catalogueoflife.org/data/taxon/77FNW","SPECIES","",""
"Aves","","","Alaudidae Vigors, 1825","Alauda","Alauda Linnaeus, 1758","","","380863e2133c3da17227c2825c6491d3","","","Animalia","","","1758","ICZN","","Passeriformes","Chordata","Alauda arvensis Linnaeus, 1758","Linnaeus, 1758","","arvensis","","","https://www.catalogueoflife.org/data/taxon/BFFT","SPECIES","",""
"Aves","","","Alcidae","Alca","Alca Linnaeus, 1758","","","86dd8f5d149a47595ca69f42ae2d96fb","","","Animalia","","","1758","ICZN","","Charadriiformes","Chordata","Alca torda Linnaeus, 1758","Linnaeus, 1758","","torda","","","https://www.catalogueoflife.org/data/taxon/BGZW","SPECIES","",""
"Aves","","","Rhipiduridae Sundevall, 1872","Rhipidura","Rhipidura Vigors & Horsfield, 1827","","","3231a7d18bf798184f0c3643cee3ebcb","","longicauda","Animalia","","","1865","ICZN","","Passeriformes","Chordata","Rhipidura javanica longicauda Wallace, 1865","Wallace, 1865","","javanica","","","https://www.catalogueoflife.org/data/taxon/BNYX5","SUBSPECIES","",""
"Aves","","","Dicaeidae Bonaparte, 1853","Dicaeum","Dicaeum Cuvier, 1816","","","229d7ec03e66e3fcef3e7a16c1d0ea42","","","Animalia","","","1864","ICZN","","Passeriformes","Chordata","Dicaeum igniferum Wallace, 1864","Wallace, 1864","","igniferum","","","https://www.catalogueoflife.org/data/taxon/35HV4","SPECIES","",""
"Aves","","","Ploceidae Sundevall, 1836","Ploceus","Ploceus Cuvier, 1816","","","e7bb8beef148d3b0586789ed4b2506d5","","monacha","Animalia","","","","ICZN","","Passeriformes","Chordata","Ploceus pelzelni monacha (Sharpe, 1890)","(Sharpe, 1890)","","pelzelni","","","https://www.catalogueoflife.org/data/taxon/BNW99","SUBSPECIES","",""
"Aves","","","Ardeidae Leach, 1820","Nycticorax","Nycticorax T. Forster, 1817","","","09367bf8ac499dae67ee146391126424","","nycticorax","Animalia","","","","ICZN","","Pelecaniformes","Chordata","Nycticorax nycticorax nycticorax (Linnaeus, 1758)","(Linnaeus, 1758)","","nycticorax","Ardeinae Leach, 1820","","https://www.catalogueoflife.org/data/taxon/BNQX3","SUBSPECIES","",""
"Aves","","","Accipitridae Vigors, 1824","Spilornis","Spilornis G. R. Gray, 1840","","","1f1194355585293208395a7b0933db56","","bido","Animalia","","","","ICZN","","Accipitriformes","Chordata","Spilornis cheela bido (Horsfield, 1821)","(Horsfield, 1821)","","cheela","","","https://www.catalogueoflife.org/data/taxon/BP35B","SUBSPECIES","",""
"Aves","","","Pellorneidae Vigors & Delacour, 1946","Malacocincla","Malacocincla Blyth, 1845","","","49642f59def75324ee8a664146f2eeeb","","sepiaria","Animalia","","","","ICZN","","Passeriformes","Chordata","Malacocincla sepiaria sepiaria (Horsfield, 1821)","(Horsfield, 1821)","","sepiaria","","","https://www.catalogueoflife.org/data/taxon/BNMLP","SUBSPECIES","",""
"Aves","","","Ardeidae Leach, 1820","Ardea","Ardea Linnaeus, 1758","","","ba458741bd197381ed4a8ec033cc7fa1","","cinerea","Animalia","","","1758","ICZN","","Pelecaniformes","Chordata","Ardea cinerea cinerea Linnaeus, 1758","Linnaeus, 1758","","cinerea","Ardeinae Leach, 1820","","https://www.catalogueoflife.org/data/taxon/BN2LG","SUBSPECIES","",""
"Aves","","","Meropidae","Merops","Merops Linnaeus, 1758","","","e03e8c1a9cdf9243a6290835f02791bd","","","Animalia","","","1766","ICZN","","Coraciiformes","Chordata","Merops superciliosus Linnaeus, 1766","Linnaeus, 1766","","superciliosus","","","https://www.catalogueoflife.org/data/taxon/3ZW5Q","SPECIES","",""
"Aves","","","Fringillidae Leach, 1820","Carduelis","Chloris Cuvier, 1800","","","b923ab9ba716ffdb02c98778f7d04968","","chloris","Animalia","","","","ICZN","","Passeriformes","Chordata","Chloris chloris chloris (Linnaeus, 1758)","(Linnaeus, 1758)","","chloris","","","https://www.catalogueoflife.org/data/taxon/BN6Z4","SUBSPECIES","",""
"Aves","","","Thraupidae","Tangara","Ixothraupis Bonaparte, 1851","","","acc4eef3987e863cdb68580159cfb62e","","punctulata","Animalia","","","","ICZN","","Passeriformes","Chordata","Ixothraupis punctata punctulata (P. L. Sclater & Salvin, 1876)","(P. L. Sclater & Salvin, 1876)","","punctata","","","https://www.catalogueoflife.org/data/taxon/B763K","SUBSPECIES","",""
"Aves","","","Zosteropidae Bonaparte, 1853","Zosterops","Zosterops Vigors & Horsfield, 1827","","","71338ff6989ca464a0ea4a8e7e64afb4","","unicus","Animalia","","","1897","ICZN","","Passeriformes","Chordata","Zosterops palpebrosus unicus Hartert, 1897","Hartert, 1897","","palpebrosus","","","https://www.catalogueoflife.org/data/taxon/7KVQ3","SUBSPECIES","",""
"Aves","","","Meropidae","Nyctyornis","Nyctyornis Jardine & Selby, 1830","","","4bb082f650ec0abd265af9ba4eff219b","","","Animalia","","","","ICZN","","Coraciiformes","Chordata","Nyctyornis amictus (Temminck, 1824)","(Temminck, 1824)","","amictus","","","https://www.catalogueoflife.org/data/taxon/4866L","SPECIES","",""
"Aves","","","Falconidae Leach, 1820","Falco","Falco Linnaeus, 1758","","","90446e45c4ceb33223ed83ce029e0775","","","Animalia","","","1758","ICZN","","Falconiformes","Chordata","Falco sparverius Linnaeus, 1758","Linnaeus, 1758","","sparverius","Falconinae Leach, 1820","","https://www.catalogueoflife.org/data/taxon/3DTGT","SPECIES","",""
"Aves","","","Ramphastidae","Ramphastos","Ramphastos Linnaeus, 1758","","","034b20c9b78e9732d3f31ec4dd4e27cc","","cuvieri","Animalia","","","1827","ICZN","","Piciformes","Chordata","Ramphastos tucanus cuvieri Wagler, 1827","Wagler, 1827","","tucanus","","","https://www.catalogueoflife.org/data/taxon/BNYHQ","SUBSPECIES","",""
"Aves","","","Alcedinidae","Halcyon","Todiramphus R. Lesson, 1827","","","89b170d91f8132c7041c7b819586e7c0","","","Animalia","","","","ICZN","","Coraciiformes","Chordata","Todiramphus chloris (Boddaert, 1783)","(Boddaert, 1783)","","chloris","Halcyoninae","","https://www.catalogueoflife.org/data/taxon/7CFTZ","SPECIES","",""
"Aves","","","Sylviidae Leach, 1820","Sylvia","Sylvia Scopoli, 1769","","","724ab0893881529320ffe37b8ccb32a3","","","Animalia","","","","ICZN","","Passeriformes","Chordata","Sylvia hortensis (Gmelin, 1789)","(Gmelin, 1789)","","hortensis","","","https://www.catalogueoflife.org/data/taxon/53N3X","SPECIES","",""
"Aves","","","Campephagidae Vigors, 1825","Coracina","Coracina Vieillot, 1816","","","3c7efb82ab9eab7c4f0fa2ac0927177f","","schierbrandii","Animalia","","","","ICZN","","Passeriformes","Chordata","Coracina fimbriata schierbrandii (Pelzeln, 1865)","(Pelzeln, 1865)","","fimbriata","","","https://www.catalogueoflife.org/data/taxon/5GLP8","SUBSPECIES","",""
"Aves","","","Alcidae","Cepphus","Cepphus Pallas, 1769","","","f239ea59ee56ec8a47435ff123a1db72","","","Animalia","","","","ICZN","","Charadriiformes","Chordata","Cepphus grylle (Linnaeus, 1758)","(Linnaeus, 1758)","","grylle","","","https://www.catalogueoflife.org/data/taxon/SFVL","SPECIES","",""
"Aves","","","Meliphagidae","Meliphaga","Gavicalis Schodde & I. J. Mason, 1999","","","21aa3679b0a18bb48b4bfc3c80a4db67","","sonoroides","Animalia","","","","ICZN","","Passeriformes","Chordata","Gavicalis versicolor sonoroides (G. R. Gray, 1862)","(G. R. Gray, 1862)","","versicolor","","","https://www.catalogueoflife.org/data/taxon/B75QN","SUBSPECIES","",""
"Aves","","","Rhipiduridae Sundevall, 1872","Rhipidura","Rhipidura Vigors & Horsfield, 1827","","","c25c6c140493bf2c128d35ba532d097e","","kordensis","Animalia","","","1874","ICZN","","Passeriformes","Chordata","Rhipidura rufiventris kordensis A. B. Meyer, 1874","A. B. Meyer, 1874","","rufiventris","","","https://www.catalogueoflife.org/data/taxon/BNYYH","SUBSPECIES","",""
"Aves","","","Rostratulidae Mathews, 1911","Rostratula","Rostratula Vieillot, 1816","","","02fbed102e0e3acf318209190bac0570","","","Animalia","","","","ICZN","","Charadriiformes","Chordata","Rostratula benghalensis (Linnaeus, 1758)","(Linnaeus, 1758)","","benghalensis","","","https://www.catalogueoflife.org/data/taxon/4TFP8","SPECIES","",""
"Aves","","","Anatidae Leach, 1820","Somateria","Somateria Leach, 1819","","","0f2e8dae1285d6361949edd2d2c11fff","","","Animalia","","","","ICZN","","Anseriformes","Chordata","Somateria mollissima (Linnaeus, 1758)","(Linnaeus, 1758)","","mollissima","","","https://www.catalogueoflife.org/data/taxon/6Z4ZB","SPECIES","",""
"Aves","","","Psittaculidae","Psittacula","Psittacula Cuvier, 1800","","","2e38c67cd30a18fac54b607633b18672","","","Animalia","","","","ICZN","","Psittaciformes","Chordata","Psittacula krameri (Scopoli, 1769)","(Scopoli, 1769)","","krameri","","","https://www.catalogueoflife.org/data/taxon/4PKCM","SPECIES","",""
"Aves","","","Motacillidae Horsfield, 1821","Anthus","Anthus Bechstein, 1805","","","4bc8c06b0b148518a9a7bf5bd7f28894","","","Animalia","","","","ICZN","","Passeriformes","Chordata","Anthus trivialis (Linnaeus, 1758)","(Linnaeus, 1758)","","trivialis","","","https://www.catalogueoflife.org/data/taxon/5VKFM","SPECIES","",""
"Aves","","","Phasianidae","Alectoris","Alectoris Kaup, 1829","","","36c183408160373574900ec5b8a6f82c","","barbara","Animalia","","","","ICZN","","Galliformes","Chordata","Alectoris barbara barbara (Bonnaterre, 1790)","(Bonnaterre, 1790)","","barbara","","","https://www.catalogueoflife.org/data/taxon/B745Z","SUBSPECIES","",""
"Aves","","","Trochilidae","Coeligena","Coeligena R. Lesson, 1833","","","c0bac258faf2ceacab1ce8c05a081924","","conradii","Animalia","","","","ICZN","","Apodiformes","Chordata","Coeligena torquata conradii (Bourcier, 1847)","(Bourcier, 1847)","","torquata","Trochilinae","","https://www.catalogueoflife.org/data/taxon/BQK3L","SUBSPECIES","",""
"Aves","","","Trogonidae","Harpactes","Apalharpactes Bonaparte, 1854","","","c58b45373ae93b138b4f6a4fae4317d7","","","Animalia","","","","ICZN","","Trogoniformes","Chordata","Apalharpactes mackloti (S. Müller, 1836)","(S. Müller, 1836)","","mackloti","","","https://www.catalogueoflife.org/data/taxon/8VMHD","SPECIES","",""
"Aves","","","Pycnonotidae G. R. Gray, 1840","Pycnonotus","Pycnonotus F. Boie, 1826","","","579f7dc0751c9594b2ee81cc314c4385","","","Animalia","","","","ICZN","","Passeriformes","Chordata","Pycnonotus bimaculatus (Horsfield, 1821)","(Horsfield, 1821)","","bimaculatus","","","https://www.catalogueoflife.org/data/taxon/4QMM5","SPECIES","",""
"Aves","","","Motacillidae Horsfield, 1821","Anthus","Anthus Bechstein, 1805","","","6302915d9fb8780b64abfa763b415740","","japonicus","Animalia","","","1847","ICZN","","Passeriformes","Chordata","Anthus rubescens japonicus Temminck & Schlegel, 1847","Temminck & Schlegel, 1847","","rubescens","","","https://www.catalogueoflife.org/data/taxon/BMZY5","SUBSPECIES","",""
"Aves","","","Anatidae Leach, 1820","Melanitta","Melanitta F. Boie, 1822","","","d4a118c647e70a187dd3beefce6427f2","","","Animalia","","","","ICZN","","Anseriformes","Chordata","Melanitta nigra (Linnaeus, 1758)","(Linnaeus, 1758)","","nigra","","","https://www.catalogueoflife.org/data/taxon/3Z83C","SPECIES","",""
"Aves","","","Rhinocryptidae Wetmore, 1930","Rhinocrypta","Rhinocrypta G. R. Gray, 1841","","","b5c3c309f8d127efee7d1adf4b4ef3cb","","lanceolata","Animalia","","","","ICZN","","Passeriformes","Chordata","Rhinocrypta lanceolata lanceolata (I. Geoffroy Saint-Hilaire, 1832)","(I. Geoffroy Saint-Hilaire, 1832)","","lanceolata","","","https://www.catalogueoflife.org/data/taxon/BNYSF","SUBSPECIES","",""
"Aves","","","Timaliidae Vigors & Horsfield, 1827","Timalia","Timalia Horsfield, 1821","","","95278bd48a1ed520a7867d1dba7e6edf","","","Animalia","","","1821","ICZN","","Passeriformes","Chordata","Timalia pileata Horsfield, 1821","Horsfield, 1821","","pileata","","","https://www.catalogueoflife.org/data/taxon/7CBJQ","SPECIES","",""
"Aves","","","Troglodytidae Swainson, 1832","Henicorhina","Henicorhina P. L. Sclater & Salvin, 1868","","","5394af02ae69e678b050a59c6813a0bb","","","Animalia","","","","ICZN","","Passeriformes","Chordata","Henicorhina leucosticta (Cabanis, 1847)","(Cabanis, 1847)","","leucosticta","","","https://www.catalogueoflife.org/data/taxon/6LPWZ","SPECIES","",""
"Aves","","","Laridae","Sterna","Sterna Linnaeus, 1758","","","dbe8edd683e287e8d2041feb161b19eb","","hirundo","Animalia","","","1758","ICZN","","Charadriiformes","Chordata","Sterna hirundo hirundo Linnaeus, 1758","Linnaeus, 1758","","hirundo","","","https://www.catalogueoflife.org/data/taxon/BP3GG","SUBSPECIES","",""
"Aves","","","Pellorneidae Vigors & Delacour, 1946","Alcippe","Alcippe Blyth, 1844","","","55c439caa0932e36a1ae905f6acc8aca","","","Animalia","","","","ICZN","","Passeriformes","Chordata","Alcippe pyrrhoptera (Bonaparte, 1850)","(Bonaparte, 1850)","","pyrrhoptera","","","https://www.catalogueoflife.org/data/taxon/65VY7","SPECIES","",""
"Aves","","","Motacillidae Horsfield, 1821","Anthus","Anthus Bechstein, 1805","","","9392a007cb9be452f661379e9be4566c","","malayensis","Animalia","","","1839","ICZN","","Passeriformes","Chordata","Anthus rufulus malayensis Eyton, 1839","Eyton, 1839","","rufulus","","","https://www.catalogueoflife.org/data/taxon/BMZYB","SUBSPECIES","",""
"Aves","","","Panuridae Des Murs, 1860","Panurus","Panurus Koch, 1816","","","2d7ad34f0f28e1ca9fa924e2bac3b81f","","biarmicus","Animalia","","","","ICZN","","Passeriformes","Chordata","Panurus biarmicus biarmicus (Linnaeus, 1758)","(Linnaeus, 1758)","","biarmicus","","","https://www.catalogueoflife.org/data/taxon/BNSBG","SUBSPECIES","",""
"Aves","","","Muscicapidae Fleming, 1822","Saxicola","Saxicola Bechstein, 1802","","","0b3014348daf570ed2397e139de7aeca","","rubicola","Animalia","","","","ICZN","","Passeriformes","Chordata","Saxicola rubicola rubicola (Linnaeus, 1766)","(Linnaeus, 1766)","","rubicola","","","https://www.catalogueoflife.org/data/taxon/BNZQK","SUBSPECIES","",""
"Aves","","","Phylloscopidae","","Seicercus","","","3fbdb98b8707aebb6b42420694f927f4","","","Animalia","","","1837","ICZN","","Passeriformes","Chordata","Seicercus Swainson, 1837","Swainson, 1837","","","","","https://www.catalogueoflife.org/data/taxon/7F5D","GENUS","",""
"Aves","","","Alaudidae Vigors, 1825","Alaemon","Alaemon Keyserling & J. H. Blasius, 1840","","","455bf5f15f5fd1364dc3278f86575a47","","desertorum","Animalia","","","","ICZN","","Passeriformes","Chordata","Alaemon alaudipes desertorum (Stanley, 1814)","(Stanley, 1814)","","alaudipes","","","https://www.catalogueoflife.org/data/taxon/BMYRQ","SUBSPECIES","",""
"Aves","","","Cinclidae Sundevall, 1836","Cinclus","Cinclus Borkhausen, 1797","","","e05286f4cc8789a524b33f136bb5676c","","tenuirostris","Animalia","","","1850","ICZN","","Passeriformes","Chordata","Cinclus pallasii tenuirostris Bonaparte, 1850","Bonaparte, 1850","","pallasii","","","https://www.catalogueoflife.org/data/taxon/BN7H9","SUBSPECIES","",""
"Aves","","","Nectariniidae Vigors, 1825","","Nectarinia","","","419f5bdc49df57faf60bd1e9f1d32677","","","Animalia","","","1811","ICZN","","Passeriformes","Chordata","Nectarinia Illiger, 1811","Illiger, 1811","","","","","https://www.catalogueoflife.org/data/taxon/5Y76","GENUS","",""
"Aves","","","Accipitridae Vigors, 1824","Buteo","Buteo Lacepede, 1799","","","81794d82189dc94174e5948910bc8e87","","buteo","Animalia","","","","ICZN","","Accipitriformes","Chordata","Buteo buteo buteo (Linnaeus, 1758)","(Linnaeus, 1758)","","buteo","","","https://www.catalogueoflife.org/data/taxon/BN49Q","SUBSPECIES","",""
"Aves","","","Pycnonotidae G. R. Gray, 1840","Pycnonotus","Pycnonotus F. Boie, 1826","","","9fb8a3c300a62da7756de148c6a3f464","","","Animalia","","","","ICZN","","Passeriformes","Chordata","Pycnonotus erythropthalmos (Hume, 1878)","(Hume, 1878)","","erythropthalmos","","","https://www.catalogueoflife.org/data/taxon/6WQMV","SPECIES","",""
"Aves","","","Lybiidae","Trachyphonus","Trachyphonus Ranzani, 1821","","","bd922d382d224f8fc7927a9a4ad2f689","","erythrocephalus","Animalia","","","1878","ICZN","","Piciformes","Chordata","Trachyphonus erythrocephalus erythrocephalus Cabanis, 1878","Cabanis, 1878","","erythrocephalus","","","https://www.catalogueoflife.org/data/taxon/BP5PX","SUBSPECIES","",""
"Aves","","","Anatidae Leach, 1820","Anas","Anas Linnaeus, 1758","","","204805e5c91744b8a4b4d5517eb7b221","","","Animalia","","","1758","ICZN","","Anseriformes","Chordata","Anas acuta Linnaeus, 1758","Linnaeus, 1758","","acuta","","","https://www.catalogueoflife.org/data/taxon/DGMX","SPECIES","",""
"Aves","","","Cisticolidae Sundevall, 1872","Prinia","Prinia Horsfield, 1821","","","1b7e0d8f6ce832daafa1a8ed05912f43","","","Animalia","","","1821","ICZN","","Passeriformes","Chordata","Prinia familiaris Horsfield, 1821","Horsfield, 1821","","familiaris","","","https://www.catalogueoflife.org/data/taxon/4MDWG","SPECIES","",""
"Aves","","","Columbidae","Lopholaimus","Lopholaimus Gould, 1841","","","7fa4d9f7cd0b8c8d5b04e5a5f1f49ca8","","","Animalia","","","","ICZN","","Columbiformes","Chordata","Lopholaimus antarcticus (Shaw, 1794)","(Shaw, 1794)","","antarcticus","Treroninae","","https://www.catalogueoflife.org/data/taxon/3W3L9","SPECIES","",""
"Aves","","","Turdidae","Turdus","Turdus Linnaeus, 1758","","","0b2614d777b17184845536ed300bebe3","","merula","Animalia","","","1758","ICZN","","Passeriformes","Chordata","Turdus merula merula Linnaeus, 1758","Linnaeus, 1758","","merula","","","https://www.catalogueoflife.org/data/taxon/BP6DR","SUBSPECIES","",""
"Aves","","","Tytonidae","Tyto","Tyto Billberg, 1828","","","d0b14490f7dfb35740c45d73fdd3dcd8","","","Animalia","","","","ICZN","","Strigiformes","Chordata","Tyto rosenbergii (Schlegel, 1866)","(Schlegel, 1866)","","rosenbergii","Tytoninae","","https://www.catalogueoflife.org/data/taxon/59ZW6","SPECIES","",""
"Aves","","","Emberizidae","Emberiza","Emberiza Linnaeus, 1758","","","2a4a31f86a6969e87a8cfe55e0fdeafe","","schoeniclus","Animalia","","","","ICZN","","Passeriformes","Chordata","Emberiza schoeniclus schoeniclus (Linnaeus, 1758)","(Linnaeus, 1758)","","schoeniclus","","","https://www.catalogueoflife.org/data/taxon/BND7T","SUBSPECIES","",""
"Aves","","","Scolopacidae Rafinesque, 1815","Calidris","Calidris Merrem, 1804","","","5a7b6d66c9e413593d440b20cb3fff0e","","canutus","Animalia","","","","ICZN","","Charadriiformes","Chordata","Calidris canutus canutus (Linnaeus, 1758)","(Linnaeus, 1758)","","canutus","","","https://www.catalogueoflife.org/data/taxon/BN4L8","SUBSPECIES","",""
"Aves","","","Tyrannidae","Tyrannus","Tyrannus Lacepede, 1799","","","bf1c383235d59ce4ede2bd316c863733","","monachus","Animalia","","","1844","ICZN","","Passeriformes","Chordata","Tyrannus savana monachus Hartlaub, 1844","Hartlaub, 1844","","savana","","","https://www.catalogueoflife.org/data/taxon/BP6N7","SUBSPECIES","",""
"Aves","","","Motacillidae Horsfield, 1821","Anthus","Anthus Bechstein, 1805","","","5a43a79400642dd611d38bb43e10ef8f","","","Animalia","","","","ICZN","","Passeriformes","Chordata","Anthus novaeseelandiae (Gmelin, 1789)","(Gmelin, 1789)","","novaeseelandiae","","","https://www.catalogueoflife.org/data/taxon/67KF2","SPECIES","",""
"Aves","","","Paradisaeidae Vigors, 1825","Astrapia","Astrapia Vieillot, 1816","","","808ec826035f53ae31b0ae7b870452c8","","","Animalia","","","","ICZN","","Passeriformes","Chordata","Astrapia nigra (Gmelin, 1788)","(Gmelin, 1788)","","nigra","","","https://www.catalogueoflife.org/data/taxon/J3L6","SPECIES","",""
"Aves","","","Thraupidae","Sporophila","Sporophila Cabanis, 1844","","","d0fc187f0b2e5ad6fd5ded8c9e633c64","","minuta","Animalia","","","","ICZN","","Passeriformes","Chordata","Sporophila minuta minuta (Linnaeus, 1758)","(Linnaeus, 1758)","","minuta","","","https://www.catalogueoflife.org/data/taxon/BP39F","SUBSPECIES","",""
"Aves","","","Cisticolidae Sundevall, 1872","Orthotomus","Orthotomus Horsfield, 1821","","","601816371e3dc5bcdb020c53ff3f8690","","sepium","Animalia","","","1821","ICZN","","Passeriformes","Chordata","Orthotomus sepium sepium Horsfield, 1821","Horsfield, 1821","","sepium","","","https://www.catalogueoflife.org/data/taxon/BNRPL","SUBSPECIES","",""
"Aves","","","Petroicidae Mathews, 1920","Peneothello","Peneothello Mathews, 1920","","","be956688a3fc41ef807f1c6f719689f7","","atricapilla","Animalia","","","","ICZN","","Passeriformes","Chordata","Peneothello cyanus atricapilla (Hartert & Paludan, 1934)","(Hartert & Paludan, 1934)","","cyanus","","","https://www.catalogueoflife.org/data/taxon/BNT37","SUBSPECIES","",""
"Aves","","","Pycnonotidae G. R. Gray, 1840","Pycnonotus","Pycnonotus F. Boie, 1826","","","69a0cdf5c2c8901b0a505ea757f6de0e","","aurigaster","Animalia","","","","ICZN","","Passeriformes","Chordata","Pycnonotus aurigaster aurigaster (Vieillot, 1818)","(Vieillot, 1818)","","aurigaster","","","https://www.catalogueoflife.org/data/taxon/BNY5Y","SUBSPECIES","",""
"Aves","","","","","indet","","","3d94c616e8999bada4dfe0dce325caf0","","","Animalia","","","","ICZN","","Passeriformes","Chordata","Passeriformes","","","","","","https://www.catalogueoflife.org/data/taxon/3RL","ORDER","",""
"Aves","","","Picidae","Picus","Picus Linnaeus, 1758","","","f86df10ade9df823dfd5046f6b22bb34","","viridis","Animalia","","","1758","ICZN","","Piciformes","Chordata","Picus viridis viridis Linnaeus, 1758","Linnaeus, 1758","","viridis","Picinae","","https://www.catalogueoflife.org/data/taxon/BNVN2","SUBSPECIES","",""
"Aves","","","Meliphagidae","","Philemon","","","fa26a1bd9e3d53b2d2b2860b79ed5564","","","Animalia","","","1816","ICZN","","Passeriformes","Chordata","Philemon Vieillot, 1816","Vieillot, 1816","","","","","https://www.catalogueoflife.org/data/taxon/6NCL","GENUS","",""
"Aves","","","Musophagidae","","Crinifer","","","88007033cc3c71493a865e451ca212b9","","","Animalia","","","1821","ICZN","","Musophagiformes","Chordata","Crinifer Jarocki, 1821","Jarocki, 1821","","","Criniferinae","","https://www.catalogueoflife.org/data/taxon/62P9N","GENUS","",""
"Aves","","","Aegithinidae G. R. Gray, 1869","Aegithina","Aegithina Vieillot, 1816","","","e78c09c4d28d74d45be333d9ea240c87","","","Animalia","","","","ICZN","","Passeriformes","Chordata","Aegithina tiphia (Linnaeus, 1758)","(Linnaeus, 1758)","","tiphia","","","https://www.catalogueoflife.org/data/taxon/658QP","SPECIES","",""
"Aves","","","Strigidae","Asio","Asio Brisson, 1760","","","166f881a0769b94ce9ee46716671536b","","otus","Animalia","","","","ICZN","","Strigiformes","Chordata","Asio otus otus (Linnaeus, 1758)","(Linnaeus, 1758)","","otus","Asioninae","","https://www.catalogueoflife.org/data/taxon/BN2ZJ","SUBSPECIES","",""
"Aves","","","Thamnophilidae Swainson, 1824","Percnostola","Percnostola Cabanis & Heine, 1859","","","25d1e192140f66e0f22a82fde6e31150","","","Animalia","","","","ICZN","","Passeriformes","Chordata","Percnostola rufifrons (Gmelin, 1789)","(Gmelin, 1789)","","rufifrons","","","https://www.catalogueoflife.org/data/taxon/773SX","SPECIES","",""
"Aves","","","Stercorariidae","Stercorarius","Stercorarius Brisson, 1760","","","d3ce136ca8ab301ab52fef03ea48bb46","","","Animalia","","","","ICZN","","Charadriiformes","Chordata","Stercorarius pomarinus (Temminck, 1815)","(Temminck, 1815)","","pomarinus","","","https://www.catalogueoflife.org/data/taxon/52D8P","SPECIES","",""
"Aves","","","Charadriidae Leach, 1820","Charadrius","Charadrius Linnaeus, 1758","","","929e9291ed329242c144d2f8f7b406f6","","","Animalia","","","1790","ICZN","","Charadriiformes","Chordata","Charadrius falklandicus Latham, 1790","Latham, 1790","","falklandicus","","","https://www.catalogueoflife.org/data/taxon/TMWW","SPECIES","",""
"Aves","","","Cuculidae","Clamator","Clamator Kaup, 1829","","","9af313717720f7c8cca5d1390353c3e3","","","Animalia","","","","ICZN","","Cuculiformes","Chordata","Clamator coromandus (Linnaeus, 1766)","(Linnaeus, 1766)","","coromandus","Cuculinae","","https://www.catalogueoflife.org/data/taxon/VQNW","SPECIES","",""
"Aves","","","Scolopacidae Rafinesque, 1815","Tringa","Tringa Linnaeus, 1758","","","783edfd9f19d11d5a8e426ef17f37c5d","","eurhina","Animalia","","","","ICZN","","Charadriiformes","Chordata","Tringa totanus eurhina (Oberholser, 1900)","(Oberholser, 1900)","","totanus","","","https://www.catalogueoflife.org/data/taxon/BP5XG","SUBSPECIES","",""
"Aves","","","Trochilidae","Eriocnemis","Eriocnemis Reichenbach, 1849","","","3c8ecdb6379965af6f2b1606536f0ab0","","","Animalia","","","","ICZN","","Apodiformes","Chordata","Eriocnemis luciani (Bourcier, 1847)","(Bourcier, 1847)","","luciani","Trochilinae","","https://www.catalogueoflife.org/data/taxon/3B3RP","SPECIES","",""
"Aves","","","Passeridae Rafinesque, 1815","Pseudonigrita","Pseudonigrita Reichenow, 1903","","","5c7a3fc70db87d7789c2f08d8f6f45ae","","arnaudi","Animalia","","","","ICZN","","Passeriformes","Chordata","Pseudonigrita arnaudi arnaudi (Bonaparte, 1850)","(Bonaparte, 1850)","","arnaudi","","","https://www.catalogueoflife.org/data/taxon/BNXLN","SUBSPECIES","",""
"Aves","","","Acrocephalidae Salvin, 1882","Hippolais","Hippolais Conrad von Baldenstein, 1827","","","8750cf2cea448fb137052be5db786a60","","","Animalia","","","","ICZN","","Passeriformes","Chordata","Hippolais olivetorum (Strickland, 1837)","(Strickland, 1837)","","olivetorum","","","https://www.catalogueoflife.org/data/taxon/3M26D","SPECIES","",""
"Aves","","","Trochilidae","Oxypogon","Oxypogon Gould, 1848","","","4e915212cd4026cea01d6f796f024ed7","","","Animalia","","","","ICZN","","Apodiformes","Chordata","Oxypogon guerinii (Boissonneau, 1840)","(Boissonneau, 1840)","","guerinii","Trochilinae","","https://www.catalogueoflife.org/data/taxon/4BJCB","SPECIES","",""
"Aves","","","Fringillidae Leach, 1820","Fringilla","Fringilla Linnaeus, 1758","","","7d117f58c179406fb6163a0f2604706a","","","Animalia","","","1758","ICZN","","Passeriformes","Chordata","Fringilla montifringilla Linnaeus, 1758","Linnaeus, 1758","","montifringilla","","","https://www.catalogueoflife.org/data/taxon/6JPSG","SPECIES","",""
"Aves","","","Nectariniidae Vigors, 1825","Aethopyga","Aethopyga Cabanis, 1850","","","efdf77e6cc980fc7c62889d9cb0af484","","siparaja","Animalia","","","","ICZN","","Passeriformes","Chordata","Aethopyga siparaja siparaja (Raffles, 1822)","(Raffles, 1822)","","siparaja","","","https://www.catalogueoflife.org/data/taxon/BMYLX","SUBSPECIES","",""
"Aves","","","Caprimulgidae","Caprimulgus","Caprimulgus Linnaeus, 1758","","","93e270d1882b6b5f5f55ee4f3aa5290d","","affinis","Animalia","","","1821","ICZN","","Caprimulgiformes","Chordata","Caprimulgus affinis affinis Horsfield, 1821","Horsfield, 1821","","affinis","","","https://www.catalogueoflife.org/data/taxon/BN5DS","SUBSPECIES","",""
"Aves","","","Notiomystidae A. Driskell, Christidis, Gill, Boles, Barker & Longmore, 2007","Notiomystis","Notiomystis Richmond, 1908","","","e419460de827d1c59600228d90aa0c3e","","cincta","Animalia","","","","ICZN","","Passeriformes","Chordata","Notiomystis cincta cincta (Du Bus de Gisignies, 1839)","(Du Bus de Gisignies, 1839)","","cincta","","","https://www.catalogueoflife.org/data/taxon/BNQT2","SUBSPECIES","",""
"Aves","","","Columbidae","Ducula","Ducula Hodgson, 1836","","","2e7d96f8eb040bad44af6ada844be50f","","aenea","Animalia","","","","ICZN","","Columbiformes","Chordata","Ducula aenea aenea (Linnaeus, 1766)","(Linnaeus, 1766)","","aenea","Treroninae","","https://www.catalogueoflife.org/data/taxon/BNCQC","SUBSPECIES","",""
"Aves","","","Laridae","Larus","Larus Linnaeus, 1758","","","44ebde15f4593ee78dab087bcdcba6e9","","","Animalia","","","1763","ICZN","","Charadriiformes","Chordata","Larus argentatus Pontoppidan, 1763","Pontoppidan, 1763","","argentatus","","","https://www.catalogueoflife.org/data/taxon/3SBPN","SPECIES","",""
"Aves","","","Estrildidae Bonaparte, 1850","Lonchura","Lonchura Sykes, 1832","","","1d8b7668c0c909979def7bb8f7f3144e","","cucullata","Animalia","","","","ICZN","","Passeriformes","Chordata","Lonchura cucullata cucullata (Swainson, 1837)","(Swainson, 1837)","","cucullata","","","https://www.catalogueoflife.org/data/taxon/7JYPG","SUBSPECIES","",""
"Aves","","","Leiothrichidae Swainson, 1832","Garrulax","Garrulax Lesson, 1831","","","9103926e237a26dd1db4f9269f7da9cb","","","Animalia","","","","ICZN","","Passeriformes","Chordata","Garrulax canorus (Linnaeus, 1758)","(Linnaeus, 1758)","","canorus","","","https://www.catalogueoflife.org/data/taxon/3FBQP","SPECIES","",""
"Aves","","","Apodidae","Cypsiurus","Cypsiurus R. Lesson, 1843","","","1719689cf7a01233dbcd0dc89589414b","","","Animalia","","","","ICZN","","Apodiformes","Chordata","Cypsiurus parvus (M. H. K. Lichtenstein, 1823)","(M. H. K. Lichtenstein, 1823)","","parvus","Apodinae","","https://www.catalogueoflife.org/data/taxon/6BWHZ","SPECIES","",""
"Aves","","","Icteridae","Molothrus","Molothrus Swainson, 1832","","","9d3df49dc23d3acd2522a14bf491bd47","","bonariensis","Animalia","","","","ICZN","","Passeriformes","Chordata","Molothrus bonariensis bonariensis (Gmelin, 1789)","(Gmelin, 1789)","","bonariensis","","","https://www.catalogueoflife.org/data/taxon/BNP8G","SUBSPECIES","",""
"Aves","","","Emberizidae","Emberiza","Emberiza Linnaeus, 1758","","","3b8d1df12690dac174b70ba4cc743011","","septemstriata","Animalia","","","1837","ICZN","","Passeriformes","Chordata","Emberiza tahapisi septemstriata Rüppell, 1837","Rüppell, 1837","","tahapisi","","","https://www.catalogueoflife.org/data/taxon/BND8B","SUBSPECIES","",""
"Aves","","","Pelecanidae Rafinesque, 1815","Pelecanus","Pelecanus Linnaeus, 1758","","","23fd08fd74c1545bf5739d0ab85d463d","","carolinensis","Animalia","","","1789","ICZN","","Pelecaniformes","Chordata","Pelecanus occidentalis carolinensis Gmelin, 1789","Gmelin, 1789","","occidentalis","","","https://www.catalogueoflife.org/data/taxon/BNSWX","SUBSPECIES","",""
"Aves","","","Anatidae Leach, 1820","Anser","Anser Brisson, 1760","","","bce3d7d51b96075948868dfe007d2d4b","","albifrons","Animalia","","","","ICZN","","Anseriformes","Chordata","Anser albifrons albifrons (Scopoli, 1769)","(Scopoli, 1769)","","albifrons","","","https://www.catalogueoflife.org/data/taxon/BMZP3","SUBSPECIES","",""
"Aves","","","Fringillidae Leach, 1820","","Euphonia","","","90416bc026e2d21dfe3fbb8205cf9bf0","","","Animalia","","","1806","ICZN","","Passeriformes","Chordata","Euphonia Desmarest, 1806","Desmarest, 1806","","","","","https://www.catalogueoflife.org/data/taxon/635G4","GENUS","",""
"Aves","","","Scolopacidae Rafinesque, 1815","Philomachus","Calidris Merrem, 1804","","","2cd86becdc64c37407f8cf6821a41b78","","","Animalia","","","","ICZN","","Charadriiformes","Chordata","Calidris pugnax (Linnaeus, 1758)","(Linnaeus, 1758)","","pugnax","","","https://www.catalogueoflife.org/data/taxon/9HCHQ","SPECIES","",""
"Aves","","","Psittaculidae","Psittrichas","Psittrichas R. Lesson, 1831","","","fd9134826c41b0eb778d38792230c490","","","Animalia","","","","ICZN","","Psittaciformes","Chordata","Psittrichas fulgidus (R. Lesson, 1830)","(R. Lesson, 1830)","","fulgidus","","","https://www.catalogueoflife.org/data/taxon/4PKDJ","SPECIES","",""
"Aves","","","Motacillidae Horsfield, 1821","Motacilla","Motacilla Linnaeus, 1758","","","1d883294eace520b3da1d1fe36ed2c6c","","cinerea","Animalia","","","1771","ICZN","","Passeriformes","Chordata","Motacilla cinerea cinerea Tunstall, 1771","Tunstall, 1771","","cinerea","","","https://www.catalogueoflife.org/data/taxon/BNPG7","SUBSPECIES","",""
"Aves","","","Picidae","Dryocopus","Dryocopus F. Boie, 1826","","","f47d3c53d41ba7568fd1aad1672958b6","","parvus","Animalia","","","","ICZN","","Piciformes","Chordata","Dryocopus javensis parvus (Richmond, 1902)","(Richmond, 1902)","","javensis","Picinae","","https://www.catalogueoflife.org/data/taxon/BNCNL","SUBSPECIES","",""
"Aves","","","Psittacidae","Aratinga","Eupsittula Bonaparte, 1853","","","73a7f3dc92f9f53d77798fd86542ac12","","pertinax","Animalia","","","","ICZN","","Psittaciformes","Chordata","Eupsittula pertinax pertinax (Linnaeus, 1758)","(Linnaeus, 1758)","","pertinax","","","https://www.catalogueoflife.org/data/taxon/C4CBD","SUBSPECIES","",""
"Aves","","","Columbidae","Ducula","Ducula Hodgson, 1836","","","7c19ad31dd71b0794e155bd8fdfb33d2","","","Animalia","","","","ICZN","","Columbiformes","Chordata","Ducula luctuosa (Temminck, 1824)","(Temminck, 1824)","","luctuosa","Treroninae","","https://www.catalogueoflife.org/data/taxon/37Z9L","SPECIES","",""
"Aves","","","Apodidae","Collocalia","Collocalia G. R. Gray, 1840","","","9400d7d091f609387a2683b4f2ad2232","","","Animalia","","","","ICZN","","Apodiformes","Chordata","Collocalia esculenta (Linnaeus, 1758)","(Linnaeus, 1758)","","esculenta","Apodinae","","https://www.catalogueoflife.org/data/taxon/X4P2","SPECIES","",""
"Aves","","","Icteridae","Cacicus","Cacicus Lacepede, 1799","","","ab82c0c1c8c3504176c2563bf64a7e53","","affinis","Animalia","","","","ICZN","","Passeriformes","Chordata","Cacicus haemorrhous affinis (Swainson, 1834)","(Swainson, 1834)","","haemorrhous","","","https://www.catalogueoflife.org/data/taxon/BN4FH","SUBSPECIES","",""
"Aves","","","Sturnidae Rafinesque, 1815","Aplonis","Aplonis Gould, 1836","","","c02979ee157260865a2a088ceca326f5","","","Animalia","","","","ICZN","","Passeriformes","Chordata","Aplonis atrifusca (Peale, 1848)","(Peale, 1848)","","atrifusca","","","https://www.catalogueoflife.org/data/taxon/FPHZ","SPECIES","",""
"Aves","","","Picidae","Jynx","Jynx Linnaeus, 1758","","","71e7e677cbaedcd42374f095e5cb5b8f","","","Animalia","","","1830","ICZN","","Piciformes","Chordata","Jynx ruficollis Wagler, 1830","Wagler, 1830","","ruficollis","Jynginae","","https://www.catalogueoflife.org/data/taxon/3QXQQ","SPECIES","",""
"Aves","","","Sylviidae Leach, 1820","Sylvia","Sylvia Scopoli, 1769","","","4a0b0e41c8e8c23214f0df0c6b1151e4","","borin","Animalia","","","","ICZN","","Passeriformes","Chordata","Sylvia borin borin (Boddaert, 1783)","(Boddaert, 1783)","","borin","","","https://www.catalogueoflife.org/data/taxon/BP3X9","SUBSPECIES","",""
"Aves","","","Alaudidae Vigors, 1825","Lullula","Lullula Kaup, 1829","","","1264c3ca70894fb0b25eab14ee5a5552","","arborea","Animalia","","","","ICZN","","Passeriformes","Chordata","Lullula arborea arborea (Linnaeus, 1758)","(Linnaeus, 1758)","","arborea","","","https://www.catalogueoflife.org/data/taxon/BNM8H","SUBSPECIES","",""
"Aves","","","Passerellidae","Zonotrichia","Zonotrichia Swainson, 1832","","","563486dfa002af42f798cf1a1cbd19ea","","","Animalia","","","","ICZN","","Passeriformes","Chordata","Zonotrichia albicollis (J. F. Gmelin, 1789)","(J. F. Gmelin, 1789)","","albicollis","","","https://www.catalogueoflife.org/data/taxon/5D75Z","SPECIES","",""
"Aves","","","Dicruridae Vigors, 1825","Dicrurus","Dicrurus Vieillot, 1816","","","2b4799ab5643d1f4c7ea6adae270f20e","","suluensis","Animalia","","","1902","ICZN","","Passeriformes","Chordata","Dicrurus hottentottus suluensis Hartert, 1902","Hartert, 1902","","hottentottus","","","https://www.catalogueoflife.org/data/taxon/BNC4D","SUBSPECIES","",""
"Aves","","","Psittaculidae","Charmosyna","Hypocharmosyna Salvadori, 1891","","","a238d26c0373d1c47ded81edd3e4bd1d","","","Animalia","","","","ICZN","","Psittaciformes","Chordata","Hypocharmosyna placentis (Temminck, 1835)","(Temminck, 1835)","","placentis","","","https://www.catalogueoflife.org/data/taxon/C462D","SPECIES","",""
"Aves","","","Hemiprocnidae","Hemiprocne","Hemiprocne Nitzsch, 1829","","","7beee488dd1fa19586cf23693f59df58","","comata","Animalia","","","","ICZN","","Apodiformes","Chordata","Hemiprocne comata comata (Temminck, 1824)","(Temminck, 1824)","","comata","","","https://www.catalogueoflife.org/data/taxon/BNHW9","SUBSPECIES","",""
"Aves","","","Phasianidae","Perdix","Perdix Brisson, 1760","","","2acdd2ca6fff092c0d7e85cb792ee49e","","","Animalia","","","","ICZN","","Galliformes","Chordata","Perdix perdix (Linnaeus, 1758)","(Linnaeus, 1758)","","perdix","","","https://www.catalogueoflife.org/data/taxon/6V58Q","SPECIES","",""
"Aves","","","Muscicapidae Fleming, 1822","Saxicola","Saxicola Bechstein, 1802","","","be4f1f891f3297e1bccbb550ebbb020e","","torquatus","Animalia","","","","ICZN","","Passeriformes","Chordata","Saxicola torquatus torquatus (Linnaeus, 1766)","(Linnaeus, 1766)","","torquatus","","","https://www.catalogueoflife.org/data/taxon/BNZQY","SUBSPECIES","",""
"Aves","","","Timaliidae Vigors & Horsfield, 1827","Stachyris","Stachyris Hodgson, 1844","","","e0c40f8f72fe94c03bbf591e6dd108c7","","thoracica","Animalia","","","","ICZN","","Passeriformes","Chordata","Stachyris thoracica thoracica (Temminck, 1821)","(Temminck, 1821)","","thoracica","","","https://www.catalogueoflife.org/data/taxon/BP3BW","SUBSPECIES","",""
"Aves","","","Accipitridae Vigors, 1824","Circus","Circus Lacepede, 1799","","","c9448e1bb39505de101fbbaab588e130","","aeruginosus","Animalia","","","","ICZN","","Accipitriformes","Chordata","Circus aeruginosus aeruginosus (Linnaeus, 1758)","(Linnaeus, 1758)","","aeruginosus","","","https://www.catalogueoflife.org/data/taxon/BN7M6","SUBSPECIES","",""
"Aves","","","Strigidae","Speotyto","Athene F. Boie, 1822","","","80c9a2cefe3affb43813cbda1795064e","","","Animalia","","","","ICZN","","Strigiformes","Chordata","Athene cunicularia (Molina, 1782)","(Molina, 1782)","","cunicularia","Surniinae","","https://www.catalogueoflife.org/data/taxon/5W7C4","SPECIES","",""