"clazz","cultivarEpithet","dateIdentified","externalClassificationSource","family","feedbackURL","genericName","genus","geoClassificationCode","geoName","identificationID","identificationReferences","identificationRemarks","identificationVerificationStatus","identifiedBy","identifiedByID","infragenericEpithet","infraspecificEpithet","isAcceptedIdentification","kingdom","materialEntityID","mediaID","nameAccordingTo","namePublishedIn","namePublishedInYear","nomenclaturalCode","nomenclaturalStatus","nucleotideAnalysisID","nucleotideSequenceID","occurrenceID","order","organismID","phylum","scientificName","scientificNameAuthorship","scientificNameID","specificEpithet","subfamily","subgenus","taxonAssignmentMethod","taxonFormula","taxonID","taxonRank","taxonRemarks","typeDesignationType","typeStatus","verbatimIdentification","vernacularName"
"","","","","","","","","","","3c4853e4fc98ad19deac4209500798d4","","","","","","","","true","","https://data.biodiversitydata.nl/naturalis/specimen/ZMA.AVES.1014","","","","","","","","","","","","","","","","","","","","","","","","","","Eunymphicus cornutus cornutus Gmelin, J.F., 1788",""
"","","","","","","","","","","ff0ab39ea6039465bde992a73954b78b","","","","","","","","true","","https://data.biodiversitydata.nl/naturalis/specimen/RMNH.AVES.78854","","","","","","","","","","","","","","","","","","","","","","","","","","Motacilla flava rayi",""
"","","","","","","","","","","051ca5363c6d2f65c2c70b7907711c42","","","","","","","","true","","https://data.biodiversitydata.nl/naturalis/specimen/RMNH.AVES.34302","","","","","","","","","","","","","","","","","","","","","","","","","","Piranga rubra cooperi (Ridgway, 1869)",""
"","","","","","","","","","","b1229f3f735bf4a19ae9aae81d1a24f1","","","","","","","","true","","https://data.biodiversitydata.nl/naturalis/specimen/RMNH.AVES.234210","","","","","","","","","","","","","","","","","","","","","","","","","","Tachybaptus ruficollis ruficollis (Pallas, 1764)",""
"","","","","","","","","","","5ef79e2453f27942712ae93bef2b7657","","","","","","","","true","","https://data.biodiversitydata.nl/naturalis/specimen/ZMA.AVES.34909","","","","","","","","","","","","","","","","","","","","","","","","","","Sturnus vulgaris vulgaris Linnaeus, 1758",""
"","","","","","","","","","","075e28f1b1952e8c72dfabc46a47a978","","","","","","","","true","","https://data.biodiversitydata.nl/naturalis/specimen/ZMA.AVES.31709","","","","","","","","","","","","","","","","","","","","","","","","","","Gavia arctica arctica Linnaeus, 1758",""
"","","","","","","","","","","3cf64946c4a237cf095ab52e885cb4e0","","","","","","","","true","","https://data.biodiversitydata.nl/naturalis/specimen/ZMA.AVES.36986","","","","","","","","","","","","","","","","","","","","","","","","","","Fulmarus glacialoides Smith, A., 1840",""
"","","","","","","","","","","0e34836587fbbe95a01953fcf142d6ac","","","","","","","","true","","https://data.biodiversitydata.nl/naturalis/specimen/RMNH.AVES.179722","","","","","","","","","","","","","","","","","","","","","","","","","","Egretta tricolor (Müller, P.L.S., 1776)",""
"","","","","","","","","","","70b280f6d07e4ce2fe34c8103fa8bdc9","","","","","","","","true","","https://data.biodiversitydata.nl/naturalis/specimen/ZMA.AVES.11031","","","","","","","","","","","","","","","","","","","","","","","","","","Tringa solitaria solitaria Wilson, A., 1813",""
"","","","","","","","","","","5cf6bbc78d6b3d0a775b752c3c3a206c","","","","","","","","true","","https://data.biodiversitydata.nl/naturalis/specimen/RMNH.AVES.176886","","","","","","","","","","","","","","","","","","","","","","","","","","Nectarinia jugularis pectoralis",""
"","","","","","","","","","","586ba062906017206bbac5323c8cde6f","","","","","","","","true","","https://data.biodiversitydata.nl/naturalis/specimen/ZMA.AVES.28640","","","","","","","","","","","","","","","","","","","","","","","","","","Sterna sandvicensis eurygnatha Saunders, 1876",""
"","","","","","","","","","","81dd1b4456cd5d5793922639b18f331a","","","","","","","","true","","https://data.biodiversitydata.nl/naturalis/specimen/RMNH.AVES.260948.c","","","","","","","","","","","","","","","","","","","","","","","","","","Bubo bubo bubo Linnaeus, C 1758",""
"","","","","","","","","","","c818cec56b4f3c4101c0df297439867b","","","","","","","","true","","https://data.biodiversitydata.nl/naturalis/specimen/RMNH.AVES.252899","","","","","","","","","","","","","","","","","","","","","","","","","","Oceanodroma leucorhoa (Vieillot)",""
"","","","","","","","","","","da5c86b3ef03f8185beae2ef78758a17","","","","","","","","true","","https://data.biodiversitydata.nl/naturalis/specimen/RMNH.AVES.58046","","","","","","","","","","","","","","","","","","","","","","","","","","Ficedula hypoleuca hypoleuca Pallas, 1764",""
"","","","","","","","","","","8b657f8ae083eb836949ee41d564ff06","","","","","","","","true","","https://data.biodiversitydata.nl/naturalis/specimen/RMNH.AVES.211568","","","","","","","","","","","","","","","","","","","","","","","","","","Anous minutus Boie",""
"","","","","","","","","","","43ce2c0b4b115b585f0a408af987b102","","","","","","","","true","","https://data.biodiversitydata.nl/naturalis/specimen/RMNH.AVES.52890","","","","","","","","","","","","","","","","","","","","","","","","","","Otus bakkamoena glabripes (Swinhoe)",""
"","","","","","","","","","","f3bb00a5671e7b79de3a4fe088f14208","","","","","","","","true","","https://data.biodiversitydata.nl/naturalis/specimen/RMNH.AVES.4263","","","","","","","","","","","","","","","","","","","","","","","","","","Aythya ferina (Linnaeus)",""
"","","","","","","","","","","8fc19c2b9729fd15db1c9e2b8ebb5213","","","","","","","","true","","https://data.biodiversitydata.nl/naturalis/specimen/RMNH.AVES.177951","","","","","","","","","","","","","","","","","","","","","","","","","","Agyrtria",""
"","","","","","","","","","","0dd3307d1e189a2c41e7944e1c759133","","","","","","","","true","","https://data.biodiversitydata.nl/naturalis/specimen/ZMA.AVES.39914","","","","","","","","","","","","","","","","","","","","","","","","","","Pipilo erythrophthalmus arcticus cf Swainson, 1832",""
"","","","","","","","","","","dc4f02284e5633331ab5b589b82e4563","","","","","","","","true","","https://data.biodiversitydata.nl/naturalis/specimen/RMNH.AVES.154818","","","","","","","","","","","","","","","","","","","","","","","","","","Carpodacus erythrinus ferghanensis (Kozlova, 1939)",""
"","","","","","","","","","","a4b8a33cff3ab88deea83e79373bb283","","","","","","","","true","","https://data.biodiversitydata.nl/naturalis/specimen/RMNH.AVES.72441","","","","","","","","","","","","","","","","","","","","","","","","","","Hylexetastes perrotii perrotii (Lafresnaye, 1844)",""
"","","","","","","","","","","bfe1dcc7a9905a4e6c4d248ac323d0ca","","","","","","","","true","","https://data.biodiversitydata.nl/naturalis/specimen/RMNH.AVES.259619","","","","","","","","","","","","","","","","","","","","","","","","","","Acrocephalus palustris (Bechstein, 1798)",""
"","","","","","","","","","","5192cfa947ea2629bed68b087f7ba85a","","","","","","","","true","","https://data.biodiversitydata.nl/naturalis/specimen/RMNH.AVES.11006","","","","","","","","","","","","","","","","","","","","","","","","","","Charadrius mongolus Pallas, 1776",""
"","","","","","","","","","","f360d64a70cc51b7cfadd4010cb8b308","","","","","","","","true","","https://data.biodiversitydata.nl/naturalis/specimen/ZMA.AVES.1206","","","","","","","","","","","","","","","","","","","","","","","","","","Sturnella militaris Linnaeus, 1758",""
"","","","","","","","","","","ca8ed3a26701dc5c568905545739b200","","","","","","","","true","","https://data.biodiversitydata.nl/naturalis/specimen/ZMA.AVES.28059","","","","","","","","","","","","","","","","","","","","","","","","","","Turdus philomelos philomelos Brehm, C.L., 1831",""
"","","","","","","","","","","350ba288f0dcaa69f970776a6b8c8254","","","","","","","","true","","https://data.biodiversitydata.nl/naturalis/specimen/RMNH.AVES.35627","","","","","","","","","","","","","","","","","","","","","","","","","","Ixobrychus exilis erythromelas (Vieillot)",""
"","","","","","","","","","","5bd20b789b7aa2c98433f516795b5fd6","","","","","","","","true","","https://data.biodiversitydata.nl/naturalis/specimen/RMNH.AVES.221191","","","","","","","","","","","","","","","","","","","","","","","","","","Erolia testacea (Pallas, 1764)",""
"","","","","","","","","","","c3dc409bb417db6d4df8e0711ab37226","","","","","","","","true","","https://data.biodiversitydata.nl/naturalis/specimen/RMNH.AVES.16939","","","","","","","","","","","","","","","","","","","","","","","","","","Buteo lagopus lagopus (Pontoppidan, 1763)",""
"","","","","","","","","","","e21058935948536b70f27b01f6e15eff","","","","","","","","true","","https://data.biodiversitydata.nl/naturalis/specimen/RMNH.AVES.213553","","","","","","","","","","","","","","","","","","","","","","","","","","Treron bicincta (Jerdon)",""
"","","","","","","","","","","7b2ef266318132b817217367281232cc","","","","","","","","true","","https://data.biodiversitydata.nl/naturalis/specimen/RMNH.AVES.29745","","","","","","","","","","","","","","","","","","","","","","","","","","Gallus gallus bankiva Temminck",""
"","","","","","","","","","","db8ed281eb59adf1e54d73eb8b1de375","","","","","","","","true","","https://data.biodiversitydata.nl/naturalis/specimen/ZMA.AVES.50624","","","","","","","","","","","","","","","","","","","","","","","","","","Falco tinnunculus tinnunculus Linnaeus, 1758",""
"","","","","","","","","","","7ee8a49d2f909e1af924c43d69feb822","","","","","","","","true","","https://data.biodiversitydata.nl/naturalis/specimen/RMNH.AVES.57315","","","","","","","","","","","","","","","","","","","","","","","","","","Emberiza citrinella erythrogenys Brehm, 1855",""
"","","","","","","","","","","325dc93285ae2bc841732ab6b040b742","","","","","","","","true","","https://data.biodiversitydata.nl/naturalis/specimen/RMNH.AVES.179103","","","","","","","","","","","","","","","","","","","","","","","","","","Columba rufina rufina Temminck, 1810",""
"","","","","","","","","","","6d9bfe9406f3bdfb14bbf52f45590bc1","","","","","","","","true","","https://data.biodiversitydata.nl/naturalis/specimen/RMNH.AVES.59634","","","","","","","","","","","","","","","","","","","","","","","","","","Phylloscopus ruficapillus johnstoni Sclater, 1927",""
"","","","","","","","","","","9b0559f36dc62b9dfed3e4be04e88359","","","","","","","","true","","https://data.biodiversitydata.nl/naturalis/specimen/ZMA.AVES.56257","","","","","","","","","","","","","","","","","","","","","","","","","","Anas clypeata Linnaeus, 1758",""
"","","","","","","","","","","50f04b848d6dfbae706842fece5bea3b","","","","","","","","true","","https://data.biodiversitydata.nl/naturalis/specimen/RMNH.AVES.161316","","","","","","","","","","","","","","","","","","","","","","","","","","Padda oryzivora (Linnaeus, 1758)",""
"","","","","","","","","","","d767f66467f511876ef694a759175576","","","","","","","","true","","https://data.biodiversitydata.nl/naturalis/specimen/ZMA.AVES.50950","","","","","","","","","","","","","","","","","","","","","","","","","","Vanellus vanellus (Linnaeus, 1758)",""
"","","","","","","","","","","9dae06f4dfe6ed78a24270bf71e250be","","","","","","","","true","","https://data.biodiversitydata.nl/naturalis/specimen/RMNH.5092444.b","","","","","","","","","","","","","","","","","","","","","","","","","","Bombycilla cedrorum Vieillot, 1808",""
"","","","","","","","","","","d5c53f33935cb1b9b46f1d26baf4f984","","","","","","","","true","","https://data.biodiversitydata.nl/naturalis/specimen/RMNH.AVES.135228","","","","","","","","","","","","","","","","","","","","","","","","","","Rhipidura javanica javanica (Sparrman, 1788)",""
"","","","","","","","","","","1cd36d9a632cba40e955a9823dad2d8d","","","","","","","","true","","https://data.biodiversitydata.nl/naturalis/specimen/RMNH.AVES.86161","","","","","","","","","","","","","","","","","","","","","","","","","","Ploceus velatus vitellinus (Lichtenstein, 1823)",""
"","","","","","","","","","","36724cb47d2e36d8a03348855390e9d2","","","","","","","","true","","https://data.biodiversitydata.nl/naturalis/specimen/ZMA.AVES.63838","","","","","","","","","","","","","","","","","","","","","","","","","","Garrulus glandarius glandarius (Linnaeus, 1758)",""
"","","","","","","","","","","43fc02802be6a5b8f2f666a9895370dd","","","","","","","","true","","https://data.biodiversitydata.nl/naturalis/specimen/ZMA.AVES.47768","","","","","","","","","","","","","","","","","","","","","","","","","","Cymbirhynchus macrorhynchos macrorhynchos Gmelin, J.F., 1788",""
"","","","","","","","","","","c36b7db900c21b201f8a7a545ab86724","","","","","","","","true","","https://data.biodiversitydata.nl/naturalis/specimen/RMNH.AVES.228827","","","","","","","","","","","","","","","","","","","","","","","","","","Pipile jacutinga (Spix)",""
"","","","","","","","","","","22ac90862710179e06b8f9e57a102abd","","","","","","","","true","","https://data.biodiversitydata.nl/naturalis/specimen/RMNH.AVES.188539","","","","","","","","","","","","","","","","","","","","","","","","","","Colibri delphinae (Lesson, 1839)",""
"","","","","","","","","","","67c7a584300d3fe8ce9c200ac021ce13","","","","","","","","true","","https://data.biodiversitydata.nl/naturalis/specimen/RMNH.AVES.34528","","","","","","","","","","","","","","","","","","","","","","","","","","Empidonax minimus (Baird & Baird, 1843)",""
"","","","","","","","","","","b3c0dee2ca68b55cc4c83a2e0cde8337","","","","","","","","true","","https://data.biodiversitydata.nl/naturalis/specimen/RMNH.5092347.a","","","","","","","","","","","","","","","","","","","","","","","","","","Larus hyperboreus Gunnerus, 1767",""
"","","","","","","","","","","4857deb06a189861779eb91677badec7","","","","","","","","true","","https://data.biodiversitydata.nl/naturalis/specimen/RMNH.AVES.156840","","","","","","","","","","","","","","","","","","","","","","","","","","Carduelis tristis tristis (Linnaeus, 1758)",""
"","","","","","","","","","","ab25e8f65898f28c4a7c94b4d6603b9b","","","","","","","","true","","https://data.biodiversitydata.nl/naturalis/specimen/RMNH.AVES.72028","","","","","","","","","","","","","","","","","","","","","","","","","","Sporophila americana americana (Gmelin, 1789)",""
"","","","","","","","","","","37db8d1fbe19af443c81b28735fdb939","","","","","","","","true","","https://data.biodiversitydata.nl/naturalis/specimen/RMNH.AVES.207363","","","","","","","","","","","","","","","","","","","","","","","","","","Larus dominicanus Licht.",""
"","","","","","","","","","","720ecff652a201ab7e41607464828bc4","","","","","","","","true","","https://data.biodiversitydata.nl/naturalis/specimen/RMNH.AVES.140023","","","","","","","","","","","","","","","","","","","","","","","","","","Platylophus galericulatus ardesiacus (Bonaparte, 1851)",""
"","","","","","","","","","","613468273dbfc5d8b0371d4f7793b85f","","","","","","","","true","","https://data.biodiversitydata.nl/naturalis/specimen/RMNH.AVES.171448","","","","","","","","","","","","","","","","","","","","","","","","","","Prinia buchanani Blyth, 1844",""
"","","","","","","","","","","b3dc924df9f113d4bff8da87ebf2f0a4","","","","","","","","true","","https://data.biodiversitydata.nl/naturalis/specimen/ZMA.AVES.41941","","","","","","","","","","","","","","","","","","","","","","","","","","Cisticola juncidis juncidis Rafinesque, 1810",""
"","","","","","","","","","","49854ba29f385015a67ec4fb23d06657","","","","","","","","true","","https://data.biodiversitydata.nl/naturalis/specimen/RMNH.AVES.120368","","","","","","","","","","","","","","","","","","","","","","","","","","Leptasthenura aegithaloides aegithaloides (Kittlitz, 1830)",""
"","","","","","","","","","","2546a369ec8ca00748466871dc8d3583","","","","","","","","true","","https://data.biodiversitydata.nl/naturalis/specimen/RMNH.AVES.132918","","","","","","","","","","","","","","","","","","","","","","","","","","Anthreptes malacensis malacensis (Scopoli, 1786)",""
"","","","","","","","","","","3c9438f0b904356c196f19d1a2735d8d","","","","","","","","true","","https://data.biodiversitydata.nl/naturalis/specimen/RMNH.AVES.172987","","","","","","","","","","","","","","","","","","","","","","","","","","Pipra erythrocephala erythrocephala Linnaeus, 1758",""
"","","","","","","","","","","e434587849e64af835a267924a2b7912","","","","","","","","true","","https://data.biodiversitydata.nl/naturalis/specimen/RMNH.AVES.78474","","","","","","","","","","","","","","","","","","","","","","","","","","Cuculus canorus canorus Linnaeus, 1758",""
"","","","","","","","","","","a4efba37207886df181cb5c772fdb9f7","","","","","","","","true","","https://data.biodiversitydata.nl/naturalis/specimen/ZMA.AVES.57443","","","","","","","","","","","","","","","","","","","","","","","","","","Tangara larvata larvata Du Bus de Gisignies, 1846",""
"","","","","","","","","","","ef6fdf4a6eeb5d436d513ae91faab230","","","","","","","","true","","https://data.biodiversitydata.nl/naturalis/specimen/RMNH.AVES.220138","","","","","","","","","","","","","","","","","","","","","","","","","","Arenaria interpres (Linnaeus, 1758)",""
"","","","","","","","","","","10ec38ea333814051bd0e28d76f191ce","","","","","","","","true","","https://data.biodiversitydata.nl/naturalis/specimen/ZMA.AVES.12672","","","","","","","","","","","","","","","","","","","","","","","","","","Hylocichla mustelina Gmelin, J.F., 1789",""
"","","","","","","","","","","4a3b8c11a1cb848cea83a2649698f1b2","","","","","","","","true","","https://data.biodiversitydata.nl/naturalis/specimen/ZMA.AVES.30393","","","","","","","","","","","","","","","","","","","","","","","","","","Tringa totanus robusta Schiøler, 1919",""
"","","","","","","","","","","0421c7b9a207a70ecdb1cce76a656d91","","","","","","","","true","","https://data.biodiversitydata.nl/naturalis/specimen/RMNH.AVES.15160","","","","","","","","","","","","","","","","","","","","","","","","","","Ptilinopus viridis viridis (Linnaeus)",""
"","","","","","","","","","","9cb29a87fff2d7dc5f5cf1500583ad96","","","","","","","","true","","https://data.biodiversitydata.nl/naturalis/specimen/RMNH.AVES.210848","","","","","","","","","","","","","","","","","","","","","","","","","","Tanygnathus megalorynchos megalorynchos (Boddaert)",""
"","","","","","","","","","","f1af010712959d964d794e4274697b06","","","","","","","","true","","https://data.biodiversitydata.nl/naturalis/specimen/RMNH.AVES.202476","","","","","","","","","","","","","","","","","","","","","","","","","","Pelargopsis capensis simalurensis Richmond",""
"","","","","","","","","","","9a99b0de2427646f5b8001531c202535","","","","","","","","true","","https://data.biodiversitydata.nl/naturalis/specimen/RMNH.AVES.223763","","","","","","","","","","","","","","","","","","","","","","","","","","Belonopteris chilensis chilensis (Molina, 1782)",""
"","","","","","","","","","","daab2f42ed1a34b8927c4fb270580200","","","","","","","","true","","https://data.biodiversitydata.nl/naturalis/specimen/RMNH.AVES.232675","","","","","","","","","","","","","","","","","","","","","","","","","","Mergus serrator Linnaeus",""
"","","","","","","","","","","47c62c1dd1ade9d8a1dac09aaf7a4f07","","","","","","","","true","","https://data.biodiversitydata.nl/naturalis/specimen/RMNH.AVES.11449","","","","","","","","","","","","","","","","","","","","","","","","","","Aythya marila marila Linnaeus, 1761",""
"","","","","","","","","","","b8ecca683339478b8e9d4e74a776ee5c","","","","","","","","true","","https://data.biodiversitydata.nl/naturalis/specimen/RMNH.AVES.146776","","","","","","","","","","","","","","","","","","","","","","","","","","Turdus plumbeus rubripes Temminck, 1826",""
"","","","","","","","","","","b312a59f5be4edfb9f316a9f3d946643","","","","","","","","true","","https://data.biodiversitydata.nl/naturalis/specimen/RMNH.AVES.170652","","","","","","","","","","","","","","","","","","","","","","","","","","Pachycephala macrorhyncha macrorhyncha Strickland, 1849",""
"","","","","","","","","","","cb916b728ca8b6b6775a86ff7bd4fd13","","","","","","","","true","","https://data.biodiversitydata.nl/naturalis/specimen/RMNH.AVES.224338","","","","","","","","","","","","","","","","","","","","","","","","","","Eudromias morinellus (Linnaeus, 1758)",""
"","","","","","","","","","","fab3e1c878812b35fec843ef5deb1fa0","","","","","","","","true","","https://data.biodiversitydata.nl/naturalis/specimen/RMNH.AVES.47607","","","","","","","","","","","","","","","","","","","","","","","","","","Harpactes reinwardtii reinwardtii (Temminck, 1822)",""
"","","","","","","","","","","02c019973e8a9cb7babdbe7fd083ea3f","","","","","","","","true","","https://data.biodiversitydata.nl/naturalis/specimen/ZMA.AVES.54107","","","","","","","","","","","","","","","","","","","","","","","","","","pluvialis squatarola squatarola Linnaeus, 1758",""
"","","","","","","","","","","7f5b3ae4ef5488fbf6316fbe293bbf6f","","","","","","","","true","","https://data.biodiversitydata.nl/naturalis/specimen/RMNH.AVES.9141","","","","","","","","","","","","","","","","","","","","","","","","","","Ciconia ciconia ciconia (Linnaeus, 1758)",""
"","","","","","","","","","","892924debb79b618dcf35365e86991bd","","","","","","","","true","","https://data.biodiversitydata.nl/naturalis/specimen/RMNH.AVES.17937","","","","","","","","","","","","","","","","","","","","","","","","","","Numenius arquata arquata (Linnaeus, 1758)",""
"","","","","","","","","","","1df63a8a551242c4a0c611833e2c4cc3","","","","","","","","true","","https://data.biodiversitydata.nl/naturalis/specimen/RMNH.AVES.198467","","","","","","","","","","","","","","","","","","","","","","","","","","Asio flammeus flammeus (Pontopp.)",""
"","","","","","","","","","","b67156b798f1d63b192f536b0319897a","","","","","","","","true","","https://data.biodiversitydata.nl/naturalis/specimen/RMNH.AVES.126660","","","","","","","","","","","","","","","","","","","","","","","","","","Hypsipetes virescens sumatranus (Wardlaw Ramsay, 1882)",""
"","","","","","","","","","","7f6aaccdeede69bc3193fb11696d6b73","","","","","","","","true","","https://data.biodiversitydata.nl/naturalis/specimen/RMNH.AVES.98105","","","","","","","","","","","","","","","","","","","","","","","","","","Ploceus hypoxanthus hypoxanthus (Sparrman, 1788)",""
"","","","","","","","","","","bcb90a8990af5728951378dfa058ed1f","","","","","","","","true","","https://data.biodiversitydata.nl/naturalis/specimen/RMNH.AVES.48135","","","","","","","","","","","","","","","","","","","","","","","","","","Platylophus galericulatus galericulatus (Cuvier, 1817)",""
"","","","","","","","","","","50388f34bd9bad0933be60ffeb534de5","","","","","","","","true","","https://data.biodiversitydata.nl/naturalis/specimen/ZMA.AVES.59285","","","","","","","","","","","","","","","","","","","","","","","","","","Charmosyna placentis intensior Kinnear, 1928",""
"","","","","","","","","","","3d408a406fc9b9d50a8d78234ca80533","","","","","","","","true","","https://data.biodiversitydata.nl/naturalis/specimen/RMNH.AVES.147655","","","","","","","","","","","","","","","","","","","","","","","","","","Macronous gularis gularis (Horsfield, 1822)",""
"","","","","","","","","","","18c2fb275193d169e9971290285c8941","","","","","","","","true","","https://data.biodiversitydata.nl/naturalis/specimen/RMNH.AVES.176672","","","","","","","","","","","","","","","","","","","","","","","","","","Platysmurus ssp",""
"","","","","","","","","","","e68f297a64ff15f69dc40fe39b2714a9","","","","","","","","true","","https://data.biodiversitydata.nl/naturalis/specimen/RMNH.AVES.56975","","","","","","","","","","","","","","","","","","","","","","","","","","Loxia curvirostra curvirostra Linnaeus, 1758",""
"","","","","","","","","","","c4fc753e5828638e72c647e57c5881d0","","","","","","","","true","","https://data.biodiversitydata.nl/naturalis/specimen/RMNH.AVES.55236","","","","","","","","","","","","","","","","","","","","","","","","","","Crocethia alba (Pallas, 1764)",""
"","","","","","","","","","","19f1e8863eef01a3cc0d7eea5da5c02f","","","","","","","","true","","https://data.biodiversitydata.nl/naturalis/specimen/ZMA.AVES.39356","","","","","","","","","","","","","","","","","","","","","","","","","","Larus glaucoides glaucoides Meyer, B., 1822",""
"","","","","","","","","","","ebf5f4cd367962c6b970f5c4484ac0ce","","","","","","","","true","","https://data.biodiversitydata.nl/naturalis/specimen/RMNH.AVES.216677","","","","","","","","","","","","","","","","","","","","","","","","","","Rhamphococcyx curvirostris erythrognatus (Bp.)",""
"","","","","","","","","","","7f8b962518505c6875a58efb0f32fc88","","","","","","","","true","","https://data.biodiversitydata.nl/naturalis/specimen/RMNH.AVES.28242","","","","","","","","","","","","","","","","","","","","","","","","","","Streptopelia chinensis tigrina (Temminck, 1810)",""
"","","","","","","","","","","020de4d0b80d30a7591157c55381b4ab","","","","","","","","true","","https://data.biodiversitydata.nl/naturalis/specimen/RMNH.AVES.24254","","","","","","","","","","","","","","","","","","","","","","","","","","Lonchura leucogastroides Horsfield & F. Moore, 1856",""
"","","","","","","","","","","a3b45febf3ceda3419c52e3572e95dc2","","","","","","","","true","","https://data.biodiversitydata.nl/naturalis/specimen/ZMA.AVES.64480","","","","","","","","","","","","","","","","","","","","","","","","","","Platalea leucorodia leucorodia Linnaeus, 1758",""
"","","","","","","","","","","cb20bd82feedeedbb64639b1384e3ac2","","","","","","","","true","","https://data.biodiversitydata.nl/naturalis/specimen/RMNH.AVES.23934","","","","","","","","","","","","","","","","","","","","","","","","","","Lanius schach bentet",""
"","","","","","","","","","","f60cd89fd9ce06210d14e8a7b271bc5c","","","","","","","","true","","https://data.biodiversitydata.nl/naturalis/specimen/ZMA.AVES.4560","","","","","","","","","","","","","","","","","","","","","","","","","","Aplonis mysolensis forsteni Mayr, 1934",""
"","","","","","","","","","","41a2b83da6d374dfc2045c1190a3fa96","","","","","","","","true","","https://data.biodiversitydata.nl/naturalis/specimen/RMNH.AVES.100878","","","","","","","","","","","","","","","","","","","","","","","","","","Garrulus glandarius glandarius Linnaeus, 1758",""
"","","","","","","","","","","a61e2a98715be2164d5601bbd90b1467","","","","","","","","true","","https://data.biodiversitydata.nl/naturalis/specimen/RMNH.AVES.89301","","","","","","","","","","","","","","","","","","","","","","","","","","Eupetes macrocerus macrocerus Temminck, 1831",""
"","","","","","","","","","","2e7dfdf741c89133d6a906c9b871954e","","","","","","","","true","","https://data.biodiversitydata.nl/naturalis/specimen/ZMA.AVES.35006","","","","","","","","","","","","","","","","","","","","","","","","","","Pyrrhula pyrrhula europoea Vieillot, 1816",""
"","","","","","","","","","","1fbcbdcf7eb47bdd66353b06b7c82667","","","","","","","","true","","https://data.biodiversitydata.nl/naturalis/specimen/RMNH.AVES.18560","","","","","","","","","","","","","","","","","","","","","","","","","","Sericornis perspicillatus Salvadori, 1896",""
"","","","","","","","","","","40eaea2da337c28f2fe45bfcd7b91d31","","","","","","","","true","","https://data.biodiversitydata.nl/naturalis/specimen/RMNH.AVES.233147","","","","","","","","","","","","","","","","","","","","","","","","","","Vanellus vanellus (Linnaeus, 1758)",""
"","","","","","","","","","","a815cb4f120128eb09be273126a41ce6","","","","","","","","true","","https://data.biodiversitydata.nl/naturalis/specimen/RMNH.AVES.156018","","","","","","","","","","","","","","","","","","","","","","","","","","Accipiter nisus nisus (Linnaeus, 1758)",""
"","","","","","","","","","","5ba67dd4623b99f6ecd20b81be526244","","","","","","","","true","","https://data.biodiversitydata.nl/naturalis/specimen/ZMA.AVES.47185","","","","","","","","","","","","","","","","","","","","","","","","","","Culicicapa helianthea helianthea Wallace, 1865",""
"","","","","","","","","","","d00847d8a64079489545b06bfac2d5d6","","","","","","","","true","","https://data.biodiversitydata.nl/naturalis/specimen/RMNH.AVES.33281","","","","","","","","","","","","","","","","","","","","","","","","","","Myiobius barbatus barbatus (Gmelin, 1789)",""
"","","","","","","","","","","5a527113566b0a1a78801a3f091e15cb","","","","","","","","true","","https://data.biodiversitydata.nl/naturalis/specimen/RMNH.AVES.24500","","","","","","","","","","","","","","","","","","","","","","","","","","Diomedea melanophris Temminck, 1829",""
"","","","","","","","","","","f69d4d42aeecefff1bfcbd5bc834aa99","","","","","","","","true","","https://data.biodiversitydata.nl/naturalis/specimen/RMNH.AVES.131995","","","","","","","","","","","","","","","","","","","","","","","","","","Dicaeum chrysorrheum chrysorrheum Temminck & Laugier, 1829",""
"","","","","","","","","","","f8253c4a85c07a6b534c4ff9f392f213","","","","","","","","true","","https://data.biodiversitydata.nl/naturalis/specimen/RMNH.AVES.71101.a","","","","","","","","","","","","","","","","","","","","","","","","","","rhipidura diluta diluta",""
"","","","","","","","","","","393b5b4260b09fb8e19cab53da9130d7","","","","","","","","true","","https://data.biodiversitydata.nl/naturalis/specimen/RMNH.AVES.131263","","","","","","","","","","","","","","","","","","","","","","","","","","Parus major major Linnaeus, 1758",""
"","","","","","","","","","","96c5f4a2087b4f98d84690e6220c978a","","","","","","","","true","","https://data.biodiversitydata.nl/naturalis/specimen/RMNH.AVES.5782","","","","","","","","","","","","","","","","","","","","","","","","","","Phasianus colchicus Linnaeus",""
"","","","","","","","","","","fe7c641f96fc98c9c073a86c1065ec65","","","","","","","","true","","https://data.biodiversitydata.nl/naturalis/specimen/RMNH.AVES.102192","","","","","","","","","","","","","","","","","","","","","","","","","","Anthracothorax nigricollis nigricollis (Vieillot, 1817)",""
"","","","","","","","","","","ddd4a68d8a2ad81bddb15d4d525c2be1","","","","","","","","true","","https://data.biodiversitydata.nl/naturalis/specimen/RMNH.AVES.93191","","","","","","","","","","","","","","","","","","","","","","","","","","Uraeginthus ianthinogaster ianthinogaster Reichenow, 1879",""
"","","","","","","","","","","7fc31b4b10fe1e7292b6277425e2cc02","","","","","","","","true","","https://data.biodiversitydata.nl/naturalis/specimen/RMNH.AVES.16147.b","","","","","","","","","","","","","","","","","","","","","","","","","","Carduelis cannabina cannabina",""
"","","","","","","","","","","3530933acdc39c534857b59512a5783d","","","","","","","","true","","https://data.biodiversitydata.nl/naturalis/specimen/ZMA.AVES.38771","","","","","","","","","","","","","","","","","","","","","","","","","","Arenaria interpres interpres Linnaeus, 1758",""
"","","","","","","","","","","c8150dac19415a166b7bfa386f11f0f6","","","","","","","","true","","https://data.biodiversitydata.nl/naturalis/specimen/RMNH.AVES.161861","","","","","","","","","","","","","","","","","","","","","","","","","","Megalaima rafflesii rafflesii (Lesson)",""
"","","","","","","","","","","dd8aaf079b003291272150ed14f5450c","","","","","","","","true","","https://data.biodiversitydata.nl/naturalis/specimen/RMNH.AVES.107361","","","","","","","","","","","","","","","","","","","","","","","","","","Podiceps grisegena grisegena (Boddaert, 1783)",""
"","","","","","","","","","","d892d10974174d01f98bae98a8901f02","","","","","","","","true","","https://data.biodiversitydata.nl/naturalis/specimen/RMNH.AVES.205463","","","","","","","","","","","","","","","","","","","","","","","","","","Hylomanes momotula Lichtenstein",""
"","","","","","","","","","","143a3c8225616d1411a44db5b2c28a5d","","","","","","","","true","","https://data.biodiversitydata.nl/naturalis/specimen/RMNH.AVES.92316","","","","","","","","","","","","","","","","","","","","","","","","","","Nectarinia erythrocerca Hartlaub, 1857",""
"","","","","","","","","","","1d4d6c4e570d190b1fe7b917fd3d10be","","","","","","","","true","","https://data.biodiversitydata.nl/naturalis/specimen/RMNH.AVES.156767","","","","","","","","","","","","","","","","","","","","","","","","","","Anser anser Linnaeus, 1758",""
"","","","","","","","","","","e239aa73895d8d5c6f981c92473afa40","","","","","","","","true","","https://data.biodiversitydata.nl/naturalis/specimen/ZMA.AVES.12416","","","","","","","","","","","","","","","","","","","","","","","","","","Rallus aquaticus aquaticus Linnaeus, 1758",""
"","","","","","","","","","","a8403e0a1d75b579ad8c5249f1f69404","","","","","","","","true","","https://data.biodiversitydata.nl/naturalis/specimen/RMNH.AVES.54388","","","","","","","","","","","","","","","","","","","","","","","","","","Acanthiza chrysorrhoa multi Mathews, 1912",""
"","","","","","","","","","","0d08f60ba6da28415bc97f88d998ca66","","","","","","","","true","","https://data.biodiversitydata.nl/naturalis/specimen/ZMA.AVES.34938","","","","","","","","","","","","","","","","","","","","","","","","","","Regulus regulus regulus Linnaeus, 1758",""
"","","","","","","","","","","80ee7923b402da765decd2391c1c63ab","","","","","","","","true","","https://data.biodiversitydata.nl/naturalis/specimen/RMNH.AVES.198327","","","","","","","","","","","","","","","","","","","","","","","","","","Galbula ruficauda ruficauda Cuvier",""
"","","","","","","","","","","08ade0384a8053d17f55c7684a2ac820","","","","","","","","true","","https://data.biodiversitydata.nl/naturalis/specimen/RMNH.AVES.197050","","","","","","","","","","","","","","","","","","","","","","","","","","Glaucidium perlatum (Vieillot, 1818)",""
"","","","","","","","","","","c46ca9d2312b31b8ec8fdf79bf947293","","","","","","","","true","","https://data.biodiversitydata.nl/naturalis/specimen/RMNH.AVES.229353","","","","","","","","","","","","","","","","","","","","","","","","","","Amaurornis phoenicurus javanica (Horsf.)",""
"","","","","","","","","","","4bd987662737f8150a7b4572b8a1bb00","","","","","","","","true","","https://data.biodiversitydata.nl/naturalis/specimen/RMNH.AVES.169996","","","","","","","","","","","","","","","","","","","","","","","","","","Grandala coelicolor Hodgson, 1843",""
"","","","","","","","","","","e94f05e56f91533fe7b993619f867626","","","","","","","","true","","https://data.biodiversitydata.nl/naturalis/specimen/RMNH.AVES.214162","","","","","","","","","","","","","","","","","","","","","","","","","","Ptilinopus pulchellus pulchellus (Temminck)",""
"","","","","","","","","","","7a6318abcec9a067aa83a22ae31aad1e","","","","","","","","true","","https://data.biodiversitydata.nl/naturalis/specimen/ZMA.AVES.64784","","","","","","","","","","","","","","","","","","","","","","","","","","Psarisomus dalhousiae psittacinus (S. Muller, 1835)",""
"","","","","","","","","","","167bc0a7671c593ed43f4a7846d2238f","","","","","","","","true","","https://data.biodiversitydata.nl/naturalis/specimen/RMNH.AVES.124655","","","","","","","","","","","","","","","","","","","","","","","","","","Progne subis subis Linnaeus, 1758",""
"","","","","","","","","","","893858189f98f090a70b2ef0304b7aca","","","","","","","","true","","https://data.biodiversitydata.nl/naturalis/specimen/ZMA.AVES.17803","","","","","","","","","","","","","","","","","","","","","","","","","","pluvialis apricaria Linnaeus, 1758",""
"","","","","","","","","","","6a80c902a5370391c8de97a608c5ef3b","","","","","","","","true","","https://data.biodiversitydata.nl/naturalis/specimen/ZMA.AVES.57764","","","","","","","","","","","","","","","","","","","","","","","","","","Ploceus philippinus infortunatus Hartert, E. , 1902",""
"","","","","","","","","","","40c060fb3ee101f70606d3b067b0afce","","","","","","","","true","","https://data.biodiversitydata.nl/naturalis/specimen/RMNH.AVES.90239","","","","","","","","","","","","","","","","","","","","","","","","","","Parula americana (Linnaeus, 1758)",""
"","","","","","","","","","","3222412b0556bd465d3ec4e5311adeca","","","","","","","","true","","https://data.biodiversitydata.nl/naturalis/specimen/RMNH.AVES.232841","","","","","","","","","","","","","","","","","","","","","","","","","","Bolborhynchus orbygnesius (Souance, 1856)",""
"","","","","","","","","","","9fe18d6b34e36d84ba3012561c0618d5","","","","","","","","true","","https://data.biodiversitydata.nl/naturalis/specimen/RMNH.AVES.58274","","","","","","","","","","","","","","","","","","","","","","","","","","Turdus pilaris Linnaeus, 1758",""
"","","","","","","","","","","ce49f160ef967559e9730198249bb6cf","","","","","","","","true","","https://data.biodiversitydata.nl/naturalis/specimen/ZMA.AVES.16512","","","","","","","","","","","","","","","","","","","","","","","","","","Prunella modularis modularis Linnaeus, 1758",""
"","","","","","","","","","","85d960f48c4ef7545d7ae75bea40fd8f","","","","","","","","true","","https://data.biodiversitydata.nl/naturalis/specimen/ZMA.AVES.16080","","","","","","","","","","","","","","","","","","","","","","","","","","Arachnothera modesta concolor Snelleman, 1887",""
"","","","","","","","","","","c6620cbdb18eb76ee92c36eb5bd3a8f2","","","","","","","","true","","https://data.biodiversitydata.nl/naturalis/specimen/RMNH.AVES.44228","","","","","","","","","","","","","","","","","","","","","","","","","","Platysteira peltata peltata Sundevall, 1850",""
"","","","","","","","","","","9d007bd5e32ffa9999d9d696b4464086","","","","","","","","true","","https://data.biodiversitydata.nl/naturalis/specimen/RMNH.AVES.176556","","","","","","","","","","","","","","","","","","","","","","","","","","Rallus aquaticus aquaticus Linnaeus, 1758",""
"","","","","","","","","","","2360331a9756cca4fa782ccff1c74711","","","","","","","","true","","https://data.biodiversitydata.nl/naturalis/specimen/RMNH.AVES.207145","","","","","","","","","","","","","","","","","","","","","","","","","","Domicella garrula flavopalliata (Salvadori)",""
"","","","","","","","","","","5a39871daf747e9e47ada5cf0c92205c","","","","","","","","true","","https://data.biodiversitydata.nl/naturalis/specimen/RMNH.AVES.132593","","","","","","","","","","","","","","","","","","","","","","","","","","Parus caeruleus caeruleus Linnaeus, 1758",""
"","","","","","","","","","","d6c8712273c868c797d4f7e904f3850e","","","","","","","","true","","https://data.biodiversitydata.nl/naturalis/specimen/ZMA.AVES.37049","","","","","","","","","","","","","","","","","","","","","","","","","","Podiceps cristatus cristatus Linnaeus, 1758",""
"","","","","","","","","","","00afbf71348e63a211d327f95ecf9392","","","","","","","","true","","https://data.biodiversitydata.nl/naturalis/specimen/RMNH.AVES.21898","","","","","","","","","","","","","","","","","","","","","","","","","","Phaethornis guy guy (Lesson, 1833)",""
"","","","","","","","","","","3ea9ba6b50a9ac9fc6d7186b738ccc3c","","","","","","","","true","","https://data.biodiversitydata.nl/naturalis/specimen/RMNH.AVES.203681","","","","","","","","","","","","","","","","","","","","","","","","","","Melanerpes erythrocephalus (Linnaeus)",""
"","","","","","","","","","","a0ee9a4f0b9396b99fd287935c49635e","","","","","","","","true","","https://data.biodiversitydata.nl/naturalis/specimen/ZMA.AVES.43896","","","","","","","","","","","","","","","","","","","","","","","","","","Eremophila alpestris longirostris Moore, F., 1856",""
"","","","","","","","","","","96c5fe551199ae23ce4b729689dff229","","","","","","","","true","","https://data.biodiversitydata.nl/naturalis/specimen/RMNH.AVES.121385","","","","","","","","","","","","","","","","","","","","","","","","","","Pitta erythrogaster erythrogaster Temminck, 1823",""
"","","","","","","","","","","3df34d8297fc3ca4d4d0ab9ab57c73ef","","","","","","","","true","","https://data.biodiversitydata.nl/naturalis/specimen/RMNH.AVES.66037","","","","","","","","","","","","","","","","","","","","","","","","","","Recurvirostra avosetta Linnaeus, 1758",""
"","","","","","","","","","","80f272f37bad3d56219273e77be02bbd","","","","","","","","true","","https://data.biodiversitydata.nl/naturalis/specimen/RMNH.AVES.254986","","","","","","","","","","","","","","","","","","","","","","","","","","Ocyphaps lophotes Temminck, 1822",""
"","","","","","","","","","","abfcf58ac6885a7e41dd16f2be10853a","","","","","","","","true","","https://data.biodiversitydata.nl/naturalis/specimen/ZMA.AVES.4767","","","","","","","","","","","","","","","","","","","","","","","","","","Botaurus stellaris stellaris Linnaeus, 1758",""
"","","","","","","","","","","991c039199db72ccf709f6ac17caceec","","","","","","","","true","","https://data.biodiversitydata.nl/naturalis/specimen/RMNH.AVES.54129","","","","","","","","","","","","","","","","","","","","","","","","","","Hypsipetes madagascariensis nigerrimus Gould, 1863",""
"","","","","","","","","","","8c3e92f0d363c2a1fe5ad7a4caaf42ac","","","","","","","","true","","https://data.biodiversitydata.nl/naturalis/specimen/ZMA.AVES.864","","","","","","","","","","","","","","","","","","","","","","","","","","Amazona finschi Sclater, P.L., 1864",""
"","","","","","","","","","","1584502881444127192354565a20f44b","","","","","","","","true","","https://data.biodiversitydata.nl/naturalis/specimen/RMNH.AVES.65339","","","","","","","","","","","","","","","","","","","","","","","","","","Trichoglossus haematodus weberi Büttikofer, J.",""
"","","","","","","","","","","9b52114e7d72afc78ef511e64133a7db","","","","","","","","true","","https://data.biodiversitydata.nl/naturalis/specimen/ZMA.AVES.13756","","","","","","","","","","","","","","","","","","","","","","","","","","Turdus celaenops celaenops Stejneger, 1887",""
"","","","","","","","","","","9108d0bd8b03a3ecd9c6d86079b06c2f","","","","","","","","true","","https://data.biodiversitydata.nl/naturalis/specimen/RMNH.AVES.155398","","","","","","","","","","","","","","","","","","","","","","","","","","Pica pica pica Linnaeus, 1758",""
"","","","","","","","","","","fe0aee3f21a0ecad4989ad4443522355","","","","","","","","true","","https://data.biodiversitydata.nl/naturalis/specimen/RMNH.AVES.33334","","","","","","","","","","","","","","","","","","","","","","","","","","Lanius excubitor excubitor Linnaeus, 1758",""
"","","","","","","","","","","36105b3756b714e121a1484da333e979","","","","","","","","true","","https://data.biodiversitydata.nl/naturalis/specimen/RMNH.AVES.174197","","","","","","","","","","","","","","","","","","","","","","","","","","Synallaxis frontalis Pelzeln, 1859",""
"","","","","","","","","","","a9c513c88707e09800701e2d4fb8060e","","","","","","","","true","","https://data.biodiversitydata.nl/naturalis/specimen/RMNH.AVES.127101","","","","","","","","","","","","","","","","","","","","","","","","","","Chloropsis cochinchinensis nigricollis Vieillot, 1818",""
"","","","","","","","","","","8434c284a0cc2860b3d0ae0743525426","","","","","","","","true","","https://data.biodiversitydata.nl/naturalis/specimen/RMNH.AVES.226207","","","","","","","","","","","","","","","","","","","","","","","","","","Fulica atra atra Linnaeus, 1758",""
"","","","","","","","","","","cb86b01bd2526cffc599bdfc54b0e103","","","","","","","","true","","https://data.biodiversitydata.nl/naturalis/specimen/RMNH.AVES.78301","","","","","","","","","","","","","","","","","","","","","","","","","","Sterna sandvicensis sandvicensis",""
"","","","","","","","","","","294343147b00ba7e9e1ebd5707cc7f1b","","","","","","","","true","","https://data.biodiversitydata.nl/naturalis/specimen/RMNH.AVES.58849","","","","","","","","","","","","","","","","","","","","","","","","","","Thalurania furcata furcata (Gmelin, 1788)",""
"","","","","","","","","","","c07fe7938cbfffe7448adc8c50a9b823","","","","","","","","true","","https://data.biodiversitydata.nl/naturalis/specimen/ZMA.AVES.19293","","","","","","","","","","","","","","","","","","","","","","","","","","Erithacus rubecula rubecula Linnaeus, 1758",""
"","","","","","","","","","","8ad1b7ac4d0c79f7705ba1528b217871","","","","","","","","true","","https://data.biodiversitydata.nl/naturalis/specimen/RMNH.AVES.165038","","","","","","","","","","","","","","","","","","","","","","","","","","Oriolus chinensis celebensis Walden, 1872",""
"","","","","","","","","","","d65edfbdde290e2060ec0066b3eb5c97","","","","","","","","true","","https://data.biodiversitydata.nl/naturalis/specimen/RMNH.AVES.259833","","","","","","","","","","","","","","","","","","","","","","","","","","Corvus corone Linnaeus, 1758",""
"","","","","","","","","","","ec1283a1e71ca070452a0f67e5614d9d","","","","","","","","true","","https://data.biodiversitydata.nl/naturalis/specimen/RMNH.AVES.123109","","","","","","","","","","","","","","","","","","","","","","","","","","Anthus pratensis pratensis (Linnaeus, 1758)",""
"","","","","","","","","","","8ef744e5a3ce5ce82b46526371f210dd","","","","","","","","true","","https://data.biodiversitydata.nl/naturalis/specimen/ZMA.AVES.34486","","","","","","","","","","","","","","","","","","","","","","","","","","Vanellus vanellus Linnaeus, 1758",""
"","","","","","","","","","","66c9c35df73478a1803afdd1209971d4","","","","","","","","true","","https://data.biodiversitydata.nl/naturalis/specimen/ZMA.AVES.30858","","","","","","","","","","","","","","","","","","","","","","","","","","Ficedula hypoleuca ssp Pallas, 1764",""
"","","","","","","","","","","96a107114f7ca1079fd1e050fa2c9210","","","","","","","","true","","https://data.biodiversitydata.nl/naturalis/specimen/ZMA.AVES.57024","","","","","","","","","","","","","","","","","","","","","","","","","","Podiceps nigricollis nigricollis Brehm, 1831",""
"","","","","","","","","","","9728e726b55b016dad7c97aec1405a85","","","","","","","","true","","https://data.biodiversitydata.nl/naturalis/specimen/RMNH.AVES.61737","","","","","","","","","","","","","","","","","","","","","","","","","","Tyto alba guttata (C.L. Brehm)",""
"","","","","","","","","","","90fb71971a190034abc73458c328dd3c","","","","","","","","true","","https://data.biodiversitydata.nl/naturalis/specimen/RMNH.AVES.167931","","","","","","","","","","","","","","","","","","","","","","","","","","Molothrus ater artemisiae Grinnell, 1909",""
"","","","","","","","","","","bbbb48f06b15797bd62fd080a1ea9b66","","","","","","","","true","","https://data.biodiversitydata.nl/naturalis/specimen/RMNH.AVES.61449","","","","","","","","","","","","","","","","","","","","","","","","","","Alcedo atthis bengalensis Gmelin",""
"","","","","","","","","","","71206a118502798d66d7e2b95b84da09","","","","","","","","true","","https://data.biodiversitydata.nl/naturalis/specimen/RMNH.AVES.209337","","","","","","","","","","","","","","","","","","","","","","","","","","Gelochelidon nilotica (Gm.)",""
"","","","","","","","","","","555f3959acdb48a891d24e6f23ed8199","","","","","","","","true","","https://data.biodiversitydata.nl/naturalis/specimen/RMNH.AVES.25692","","","","","","","","","","","","","","","","","","","","","","","","","","Dendrocygna guttata Schlegel",""
"","","","","","","","","","","1cca7e1780d3e22167759da30e0016c8","","","","","","","","true","","https://data.biodiversitydata.nl/naturalis/specimen/RMNH.AVES.175711","","","","","","","","","","","","","","","","","","","","","","","","","","Phylloscopus trochilus fitis",""
"","","","","","","","","","","3f5cb3ec76b4d9efa033f92aad9e53ce","","","","","","","","true","","https://data.biodiversitydata.nl/naturalis/specimen/RMNH.AVES.260514","","","","","","","","","","","","","","","","","","","","","","","","","","Charadrius dubius curonicus Gmelin, JF, 1789",""
"","","","","","","","","","","a160b08cd52ae051dcf4b5c650f032e3","","","","","","","","true","","https://data.biodiversitydata.nl/naturalis/specimen/ZMA.AVES.42204","","","","","","","","","","","","","","","","","","","","","","","","","","Parus montanus montanus Conrad von Baldenstein, 1827",""
"","","","","","","","","","","4489dffedda70bf0da1415c566bd03f8","","","","","","","","true","","https://data.biodiversitydata.nl/naturalis/specimen/ZMA.AVES.37601","","","","","","","","","","","","","","","","","","","","","","","","","","Chrysuronia oenone oenone Lesson, 1832",""
"","","","","","","","","","","b7fef09c74cb1b4db6626e08da279a6f","","","","","","","","true","","https://data.biodiversitydata.nl/naturalis/specimen/RMNH.AVES.137978","","","","","","","","","","","","","","","","","","","","","","","","","","Phylloscopus borealis subsp.",""
"","","","","","","","","","","380863e2133c3da17227c2825c6491d3","","","","","","","","true","","https://data.biodiversitydata.nl/naturalis/specimen/RMNH.AVES.259452.c","","","","","","","","","","","","","","","","","","","","","","","","","","Alauda arvensis Linnaeus, 1758",""
"","","","","","","","","","","86dd8f5d149a47595ca69f42ae2d96fb","","","","","","","","true","","https://data.biodiversitydata.nl/naturalis/specimen/RMNH.AVES.62266","","","","","","","","","","","","","","","","","","","","","","","","","","Alca torda Linnaeus",""
"","","","","","","","","","","3231a7d18bf798184f0c3643cee3ebcb","","","","","","","","true","","https://data.biodiversitydata.nl/naturalis/specimen/RMNH.AVES.60330.b","","","","","","","","","","","","","","","","","","","","","","","","","","rhipidura javanica longicauda Wallace, 1865",""
"","","","","","","","","","","229d7ec03e66e3fcef3e7a16c1d0ea42","","","","","","","","true","","https://data.biodiversitydata.nl/naturalis/specimen/RMNH.AVES.65519","","","","","","","","","","","","","","","","","","","","","","","","","","Dicaeum igniferum igniferum Wallace, 1863",""
"","","","","","","","","","","e7bb8beef148d3b0586789ed4b2506d5","","","","","","","","true","","https://data.biodiversitydata.nl/naturalis/specimen/RMNH.AVES.150844","","","","","","","","","","","","","","","","","","","","","","","","","","Ploceus pelzelni monachus (Sharpe, 1890)",""
"","","","","","","","","","","09367bf8ac499dae67ee146391126424","","","","","","","","true","","https://data.biodiversitydata.nl/naturalis/specimen/RMNH.AVES.108750","","","","","","","","","","","","","","","","","","","","","","","","","","Nycticorax nycticorax nycticorax (Linnaeus)",""
"","","","","","","","","","","1f1194355585293208395a7b0933db56","","","","","","","","true","","https://data.biodiversitydata.nl/naturalis/specimen/RMNH.AVES.193421","","","","","","","","","","","","","","","","","","","","","","","","","","Spilornis cheela bido (Horsfield)",""
"","","","","","","","","","","49642f59def75324ee8a664146f2eeeb","","","","","","","","true","","https://data.biodiversitydata.nl/naturalis/specimen/ZMA.AVES.63310","","","","","","","","","","","","","","","","","","","","","","","","","","Malacocincla sepiaria sepiaria",""
"","","","","","","","","","","ba458741bd197381ed4a8ec033cc7fa1","","","","","","","","true","","https://data.biodiversitydata.nl/naturalis/specimen/ZMA.AVES.64634","","","","","","","","","","","","","","","","","","","","","","","","","","Ardea cinerea cinerea Linnaeus, 1758",""
"","","","","","","","","","","e03e8c1a9cdf9243a6290835f02791bd","","","","","","","","true","","https://data.biodiversitydata.nl/naturalis/specimen/RMNH.AVES.195764","","","","","","","","","","","","","","","","","","","","","","","","","","Merops superciliosus philippinus Linnaeus",""
"","","","","","","","","","","b923ab9ba716ffdb02c98778f7d04968","","","","","","","","true","","https://data.biodiversitydata.nl/naturalis/specimen/RMNH.AVES.56764","","","","","","","","","","","","","","","","","","","","","","","","","","Carduelis chloris chloris (Linnaeus, 1758)",""
"","","","","","","","","","","acc4eef3987e863cdb68580159cfb62e","","","","","","","","true","","https://data.biodiversitydata.nl/naturalis/specimen/RMNH.AVES.38413","","","","","","","","","","","","","","","","","","","","","","","","","","Tangara punctata punctulata (Sclater & Salvin, 1876)",""
"","","","","","","","","","","71338ff6989ca464a0ea4a8e7e64afb4","","","","","","","","true","","https://data.biodiversitydata.nl/naturalis/specimen/RMNH.AVES.71433","","","","","","","","","","","","","","","","","","","","","","","","","","Zosterops palpebrosa unica Hartert, 1897",""
"","","","","","","","","","","4bb082f650ec0abd265af9ba4eff219b","","","","","","","","true","","https://data.biodiversitydata.nl/naturalis/specimen/RMNH.AVES.256953","","","","","","","","","","","","","","","","","","","","","","","","","","Nyctyornis amicta Temminck, 1824",""
"","","","","","","","","","","90446e45c4ceb33223ed83ce029e0775","","","","","","","","true","","https://data.biodiversitydata.nl/naturalis/specimen/RMNH.AVES.P.2133","","","","","","","","","","","","","","","","","","","","","","","","","","Falco sparverius",""
"","","","","","","","","","","034b20c9b78e9732d3f31ec4dd4e27cc","","","","","","","","true","","https://data.biodiversitydata.nl/naturalis/specimen/RMNH.AVES.201226","","","","","","","","","","","","","","","","","","","","","","","","","","Ramphastos cuvieri Wagler, 1827",""
"","","","","","","","","","","89b170d91f8132c7041c7b819586e7c0","","","","","","","","true","","https://data.biodiversitydata.nl/naturalis/specimen/RMNH.AVES.64357","","","","","","","","","","","","","","","","","","","","","","","","","","Halcyon chloris palmeri (Oberholser)",""
"","","","","","","","","","","724ab0893881529320ffe37b8ccb32a3","","","","","","","","true","","https://data.biodiversitydata.nl/naturalis/specimen/ZMA.AVES.64827.a","","","","","","","","","","","","","","","","","","","","","","","","","","sylvia hortensis (Gmelin, 1789)",""
"","","","","","","","","","","3c7efb82ab9eab7c4f0fa2ac0927177f","","","","","","","","true","","https://data.biodiversitydata.nl/naturalis/specimen/RMNH.AVES.123823","","","","","","","","","","","","","","","","","","","","","","","","","","Coracina fimbriata schierbrandii (Pelzeln, 1865)",""
"","","","","","","","","","","f239ea59ee56ec8a47435ff123a1db72","","","","","","","","true","","https://data.biodiversitydata.nl/naturalis/specimen/RMNH.AVES.212253","","","","","","","","","","","","","","","","","","","","","","","","","","Cepphus grylle (Linnaeus)",""
"","","","","","","","","","","21aa3679b0a18bb48b4bfc3c80a4db67","","","","","","","","true","","https://data.biodiversitydata.nl/naturalis/specimen/RMNH.AVES.134053","","","","","","","","","","","","","","","","","","","","","","","","","","Meliphaga versicolor sonoroides (Gray, 1861)",""
"","","","","","","","","","","c25c6c140493bf2c128d35ba532d097e","","","","","","","","true","","https://data.biodiversitydata.nl/naturalis/specimen/RMNH.AVES.172405","","","","","","","","","","","","","","","","","","","","","","","","","","rhipidura rufiventris kordensis Meyer, A.B., 1874",""
"","","","","","","","","","","02fbed102e0e3acf318209190bac0570","","","","","","","","true","","https://data.biodiversitydata.nl/naturalis/specimen/RMNH.AVES.31167","","","","","","","","","","","","","","","","","","","","","","","","","","Rostratula benghalensis benghalensis (Linnaeus, 1758)",""
"","","","","","","","","","","0f2e8dae1285d6361949edd2d2c11fff","","","","","","","","true","","https://data.biodiversitydata.nl/naturalis/specimen/RMNH.AVES.183049","","","","","","","","","","","","","","","","","","","","","","","","","","Somateria mollissima (Linnaeus, 1758)",""
"","","","","","","","","","","2e38c67cd30a18fac54b607633b18672","","","","","","","","true","","https://data.biodiversitydata.nl/naturalis/specimen/RMNH.AVES.161504","","","","","","","","","","","","","","","","","","","","","","","","","","Psittacula krameri",""
"","","","","","","","","","","4bc8c06b0b148518a9a7bf5bd7f28894","","","","","","","","true","","https://data.biodiversitydata.nl/naturalis/specimen/RMNH.AVES.259161","","","","","","","","","","","","","","","","","","","","","","","","","","anthus trivialis (Linnaeus, 1758)",""
"","","","","","","","","","","36c183408160373574900ec5b8a6f82c","","","","","","","","true","","https://data.biodiversitydata.nl/naturalis/specimen/ZMA.AVES.44577","","","","","","","","","","","","","","","","","","","","","","","","","","Alectoris barbara barbara Bonnaterre, 1792",""
"","","","","","","","","","","c0bac258faf2ceacab1ce8c05a081924","","","","","","","","true","","https://data.biodiversitydata.nl/naturalis/specimen/RMNH.AVES.189355","","","","","","","","","","","","","","","","","","","","","","","","","","Coeligena torquata conradii (Bourcier, 1847)",""
"","","","","","","","","","","c58b45373ae93b138b4f6a4fae4317d7","","","","","","","","true","","https://data.biodiversitydata.nl/naturalis/specimen/RMNH.AVES.200428","","","","","","","","","","","","","","","","","","","","","","","","","","Harpactes reinwardtii mackloti (S. Müller, 1835)",""
"","","","","","","","","","","579f7dc0751c9594b2ee81cc314c4385","","","","","","","","true","","https://data.biodiversitydata.nl/naturalis/specimen/RMNH.AVES.39880","","","","","","","","","","","","","","","","","","","","","","","","","","Pycnonotus bimaculatus barat Robinson and Kloss, 1920",""
"","","","","","","","","","","6302915d9fb8780b64abfa763b415740","","","","","","","","true","","https://data.biodiversitydata.nl/naturalis/specimen/RMNH.AVES.57509","","","","","","","","","","","","","","","","","","","","","","","","","","Anthus spinoletta japonicus Temminck & Schlegel, 1847",""
"","","","","","","","","","","70e48393ad74ba841ead8665b44ce747","","","","","","","","true","","https://data.biodiversitydata.nl/naturalis/specimen/RMNH.AVES.70433","","","","","","","","","","","","","","","","","","","","","","","","","","Streptopelia chinensis tigrina (Temminck, 1810)",""
"","","","","","","","","","","d4a118c647e70a187dd3beefce6427f2","","","","","","","","true","","https://data.biodiversitydata.nl/naturalis/specimen/ZMA.AVES.20174","","","","","","","","","","","","","","","","","","","","","","","","","","Melanitta nigra Linnaeus, 1758",""
"","","","","","","","","","","b5c3c309f8d127efee7d1adf4b4ef3cb","","","","","","","","true","","https://data.biodiversitydata.nl/naturalis/specimen/RMNH.AVES.173954","","","","","","","","","","","","","","","","","","","","","","","","","","Rhinocrypta lanceolata lanceolata Geoffroy St-Hilaire, I., 1832",""
"","","","","","","","","","","95278bd48a1ed520a7867d1dba7e6edf","","","","","","","","true","","https://data.biodiversitydata.nl/naturalis/specimen/RMNH.AVES.76144","","","","","","","","","","","","","","","","","","","","","","","","","","Timalia pileata Horsfield, 1821",""
"","","","","","","","","","","5394af02ae69e678b050a59c6813a0bb","","","","","","","","true","","https://data.biodiversitydata.nl/naturalis/specimen/RMNH.AVES.168725","","","","","","","","","","","","","","","","","","","","","","","","","","Henicorhina leucosticta ssp Cabanis, 1847",""
"","","","","","","","","","","71708e25b05e071eccd77f6b8e881bb1","","","","","","","","true","","https://data.biodiversitydata.nl/naturalis/specimen/ZMA.AVES.42961","","","","","","","","","","","","","","","","","","","","","","","","","","Erithacus rubecula rubecula Linnaeus, 1758",""
"","","","","","","","","","","dbe8edd683e287e8d2041feb161b19eb","","","","","","","","true","","https://data.biodiversitydata.nl/naturalis/specimen/ZMA.AVES.30432","","","","","","","","","","","","","","","","","","","","","","","","","","Sterna hirundo hirundo Linnaeus, 1758",""
"","","","","","","","","","","55c439caa0932e36a1ae905f6acc8aca","","","","","","","","true","","https://data.biodiversitydata.nl/naturalis/specimen/RMNH.AVES.76237","","","","","","","","","","","","","","","","","","","","","","","","","","Alcippe pyrrhoptera (Bonaparte, 1850)",""
"","","","","","","","","","","a208bdcb3572585b33f0cca86071ebf7","","","","","","","","true","","https://data.biodiversitydata.nl/naturalis/specimen/ZMA.AVES.164","","","","","","","","","","","","","","","","","","","","","","","","","","Garrulus glandarius glandarius Linnaeus, 1758",""
"","","","","","","","","","","9392a007cb9be452f661379e9be4566c","","","","","","","","true","","https://data.biodiversitydata.nl/naturalis/specimen/ZMA.AVES.55634","","","","","","","","","","","","","","","","","","","","","","","","","","anthus rufulus malayensis Eyton, 1839",""
"","","","","","","","","","","2d7ad34f0f28e1ca9fa924e2bac3b81f","","","","","","","","true","","https://data.biodiversitydata.nl/naturalis/specimen/RMNH.AVES.86611","","","","","","","","","","","","","","","","","","","","","","","","","","Panurus biarmicus biarmicus (Linnaeus, 1758)",""
"","","","","","","","","","","0b3014348daf570ed2397e139de7aeca","","","","","","","","true","","https://data.biodiversitydata.nl/naturalis/specimen/RMNH.AVES.155164","","","","","","","","","","","","","","","","","","","","","","","","","","Saxicola rubicola rubicola Linnaeus, 1766",""
"","","","","","","","","","","3fbdb98b8707aebb6b42420694f927f4","","","","","","","","true","","https://data.biodiversitydata.nl/naturalis/specimen/RMNH.AVES.41335","","","","","","","","","","","","","","","","","","","","","","","","","","Seicercus trivirgatus trivirgatus",""
"","","","","","","","","","","455bf5f15f5fd1364dc3278f86575a47","","","","","","","","true","","https://data.biodiversitydata.nl/naturalis/specimen/RMNH.AVES.121703","","","","","","","","","","","","","","","","","","","","","","","","","","Alaemon alaudipes desertorum (Stanley, 1814)",""
"","","","","","","","","","","e05286f4cc8789a524b33f136bb5676c","","","","","","","","true","","https://data.biodiversitydata.nl/naturalis/specimen/RMNH.AVES.89179","","","","","","","","","","","","","","","","","","","","","","","","","syntype","Cinclus pallasii tenuirostris Bonaparte, 1850",""
"","","","","","","","","","","4ebe67edd1635b507623f87dd7842b42","","","","","","","","true","","https://data.biodiversitydata.nl/naturalis/specimen/ZMA.AVES.12991","","","","","","","","","","","","","","","","","","","","","","","","","","Garrulus glandarius glandarius Linnaeus, 1758",""
"","","","","","","","","","","419f5bdc49df57faf60bd1e9f1d32677","","","","","","","","true","","https://data.biodiversitydata.nl/naturalis/specimen/RMNH.AVES.134549","","","","","","","","","","","","","","","","","","","","","","","","","","Nectarinia sericea aspasioides Gray, 1860",""
"","","","","","","","","","","81794d82189dc94174e5948910bc8e87","","","","","","","","true","","https://data.biodiversitydata.nl/naturalis/specimen/ZMA.AVES.22608","","","","","","","","","","","","","","","","","","","","","","","","","","Buteo buteo buteo Linnaeus, 1758",""
"","","","","","","","","","","9fb8a3c300a62da7756de148c6a3f464","","","","","","","","true","","https://data.biodiversitydata.nl/naturalis/specimen/RMNH.AVES.126199","","","","","","","","","","","","","","","","","","","","","","","","","","Pycnonotus erythropthalmos salvadorii Sharpe, 1874",""
"","","","","","","","","","","bd922d382d224f8fc7927a9a4ad2f689","","","","","","","","true","","https://data.biodiversitydata.nl/naturalis/specimen/RMNH.AVES.83178","","","","","","","","","","","","","","","","","","","","","","","","","","Trachyphonus erythrocephalus erythrocephalus Cabanis",""
"","","","","","","","","","","1395248a7ac95205fdde4e56e91d33af","","","","","","","","true","","https://data.biodiversitydata.nl/naturalis/specimen/RMNH.AVES.85535","","","","","","","","","","","","","","","","","","","","","","","","","","Accipiter nisus nisus (Linnaeus)",""
"","","","","","","","","","","204805e5c91744b8a4b4d5517eb7b221","","","","","","","","true","","https://data.biodiversitydata.nl/naturalis/specimen/ZMA.AVES.13240","","","","","","","","","","","","","","","","","","","","","","","","","","Anas acuta Linnaeus, 1758",""
"","","","","","","","","","","1b7e0d8f6ce832daafa1a8ed05912f43","","","","","","","","true","","https://data.biodiversitydata.nl/naturalis/specimen/RMNH.AVES.177712","","","","","","","","","","","","","","","","","","","","","","","","","","Prinia familiaris Horsfield, 1821",""
"","","","","","","","","","","7fa4d9f7cd0b8c8d5b04e5a5f1f49ca8","","","","","","","","true","","https://data.biodiversitydata.nl/naturalis/specimen/RMNH.AVES.216759","","","","","","","","","","","","","","","","","","","","","","","","","","Lopholaimus antarcticus (Shaw)",""
"","","","","","","","","","","0b2614d777b17184845536ed300bebe3","","","","","","","","true","","https://data.biodiversitydata.nl/naturalis/specimen/RMNH.AVES.146315","","","","","","","","","","","","","","","","","","","","","","","","","","Turdus merula merula Linnaeus, 1758",""
"","","","","","","","","","","fcdd89eb0e38e07b06ad898514c73c78","","","","","","","","true","","https://data.biodiversitydata.nl/naturalis/specimen/RMNH.AVES.210840","","","","","","","","","","","","","","","","","","","","","","","","","","Tanygnathus megalorynchos megalorynchos (Boddaert)",""
"","","","","","","","","","","d0b14490f7dfb35740c45d73fdd3dcd8","","","","","","","","true","","https://data.biodiversitydata.nl/naturalis/specimen/RMNH.AVES.195661","","","","","","","","","","","","","","","","","","","","","","","","","","Tyto rosenbergii (Schlegel, 1866)",""
"","","","","","","","","","","2a4a31f86a6969e87a8cfe55e0fdeafe","","","","","","","","true","","https://data.biodiversitydata.nl/naturalis/specimen/ZMA.AVES.50234","","","","","","","","","","","","","","","","","","","","","","","","","","Emberiza schoeniclus schoeniclus (Linnaeus, 1758)",""
"","","","","","","","","","","5a7b6d66c9e413593d440b20cb3fff0e","","","","","","","","true","","https://data.biodiversitydata.nl/naturalis/specimen/RMNH.AVES.48901","","","","","","","","","","","","","","","","","","","","","","","","","","Calidris canutus canutus (Linnaeus, 1758)",""
"","","","","","","","","","","f13fde3c9b38dc5996187c92e55f0fcb","","","","","","","","true","","https://data.biodiversitydata.nl/naturalis/specimen/RMNH.AVES.208197","","","","","","","","","","","","","","","","","","","","","","","","","","Kakatoe galerita triton (Temminck)",""
"","","","","","","","","","","ff025f3b19f79cdb1ed80a5fcab06da8","","","","","","","","true","","https://data.biodiversitydata.nl/naturalis/specimen/ZMA.AVES.20175","","","","","","","","","","","","","","","","","","","","","","","","","","Melanitta nigra Linnaeus, 1758",""
"","","","","","","","","","","bf1c383235d59ce4ede2bd316c863733","","","","","","","","true","","https://data.biodiversitydata.nl/naturalis/specimen/RMNH.AVES.27974","","","","","","","","","","","","","","","","","","","","","","","","","","Tyrannus savana monachus Hartlaub, 1844",""
"","","","","","","","","","","5a43a79400642dd611d38bb43e10ef8f","","","","","","","","true","","https://data.biodiversitydata.nl/naturalis/specimen/RMNH.AVES.122916","","","","","","","","","","","","","","","","","","","","","","","","","","Anthus novaeseelandiae medius Wallace, 1863",""
"","","","","","","","","","","808ec826035f53ae31b0ae7b870452c8","","","","","","","","true","","https://data.biodiversitydata.nl/naturalis/specimen/ZMA.AVES.54896","","","","","","","","","","","","","","","","","","","","","","","","","","Astrapia nigra ssp [new Onin ssp?] Gmelin, J.F., 1788",""
"","","","","","","","","","","d0fc187f0b2e5ad6fd5ded8c9e633c64","","","","","","","","true","","https://data.biodiversitydata.nl/naturalis/specimen/RMNH.AVES.183417","","","","","","","","","","","","","","","","","","","","","","","","","","Sporophila minuta minuta (Linnaeus, 1758)",""
"","","","","","","","","","","601816371e3dc5bcdb020c53ff3f8690","","","","","","","","true","","https://data.biodiversitydata.nl/naturalis/specimen/RMNH.AVES.97775","","","","","","","","","","","","","","","","","","","","","","","","","","Orthotomus sepium sepium Horsfield, 1821",""
"","","","","","","","","","","be956688a3fc41ef807f1c6f719689f7","","","","","","","","true","","https://data.biodiversitydata.nl/naturalis/specimen/RMNH.AVES.18641","","","","","","","","","","","","","","","","","","","","","","","","","","Peneothello cyanus atricapilla (Hartert & Paludan, 1934)",""
"","","","","","","","","","","69a0cdf5c2c8901b0a505ea757f6de0e","","","","","","","","true","","https://data.biodiversitydata.nl/naturalis/specimen/ZMA.AVES.61675","","","","","","","","","","","","","","","","","","","","","","","","","","Pycnonotus aurigaster aurigaster (Vieillot, 1818)",""
"","","","","","","","","","","3d94c616e8999bada4dfe0dce325caf0","","","","","","","","true","","https://data.biodiversitydata.nl/naturalis/specimen/RMNH.AVES.186385","","","","","","","","","","","","","","","","","","","","","","","","","","indet",""
"","","","","","","","","","","f86df10ade9df823dfd5046f6b22bb34","","","","","","","","true","","https://data.biodiversitydata.nl/naturalis/specimen/ZMA.AVES.10274","","","","","","","","","","","","","","","","","","","","","","","","","","Picus viridis viridis Linnaeus, 1758",""
"","","","","","","","","","","fa26a1bd9e3d53b2d2b2860b79ed5564","","","","","","","","true","","https://data.biodiversitydata.nl/naturalis/specimen/RMNH.AVES.134511","","","","","","","","","","","","","","","","","","","","","","","","","","Philemon gilolensis (Bonaparte, 1851)",""
"","","","","","","","","","","88007033cc3c71493a865e451ca212b9","","","","","","","","true","","https://data.biodiversitydata.nl/naturalis/specimen/RMNH.AVES.212830","","","","","","","","","","","","","","","","","","","","","","","","","","Crinifer concolor (A. Smith)",""
"","","","","","","","","","","94e0d35fe4552fa6f8de9e93dcfd335f","","","","","","","","true","","https://data.biodiversitydata.nl/naturalis/specimen/RMNH.AVES.225173","","","","","","","","","","","","","","","","","","","","","","","","","","Rallus aquaticus aquaticus Linnaeus",""
"","","","","","","","","","","e78c09c4d28d74d45be333d9ea240c87","","","","","","","","true","","https://data.biodiversitydata.nl/naturalis/specimen/RMNH.AVES.126748","","","","","","","","","","","","","","","","","","","","","","","","","","Aegithina tiphia subsp.",""
"","","","","","","","","","","166f881a0769b94ce9ee46716671536b","","","","","","","","true","","https://data.biodiversitydata.nl/naturalis/specimen/ZMA.AVES.39238","","","","","","","","","","","","","","","","","","","","","","","","","","Asio otus otus (Linnaeus, 1758)",""
"","","","","","","","","","","25d1e192140f66e0f22a82fde6e31150","","","","","","","","true","","https://data.biodiversitydata.nl/naturalis/specimen/RMNH.AVES.162334","","","","","","","","","","","","","","","","","","","","","","","","","","Percnostola rufifrons (Gmelin, JF, 1789)",""
"","","","","","","","","","","d3ce136ca8ab301ab52fef03ea48bb46","","","","","","","","true","","https://data.biodiversitydata.nl/naturalis/specimen/RMNH.AVES.75369","","","","","","","","","","","","","","","","","","","","","","","","","","Stercorarius pomarinus Temminck, 1815",""
"","","","","","","","","","","929e9291ed329242c144d2f8f7b406f6","","","","","","","","true","","https://data.biodiversitydata.nl/naturalis/specimen/RMNH.AVES.223949","","","","","","","","","","","","","","","","","","","","","","","","","","Charadrius falklandicus Latham, 1790",""
"","","","","","","","","","","9af313717720f7c8cca5d1390353c3e3","","","","","","","","true","","https://data.biodiversitydata.nl/naturalis/specimen/ZMA.AVES.19679","","","","","","","","","","","","","","","","","","","","","","","","","","Clamator coromandus Linnaeus, 1766",""
"","","","","","","","","","","783edfd9f19d11d5a8e426ef17f37c5d","","","","","","","","true","","https://data.biodiversitydata.nl/naturalis/specimen/RMNH.AVES.32583","","","","","","","","","","","","","","","","","","","","","","","","","","Tringa totanus eurhinus (Oberholser, 1900)",""
"","","","","","","","","","","3c8ecdb6379965af6f2b1606536f0ab0","","","","","","","","true","","https://data.biodiversitydata.nl/naturalis/specimen/RMNH.AVES.189572","","","","","","","","","","","","","","","","","","","","","","","","","","Eriocnemis luciani (Bourcier, 1847)",""
"","","","","","","","","","","441a1709c7973fb696e32d6d98ab807a","","","","","","","","true","","https://data.biodiversitydata.nl/naturalis/specimen/RMNH.AVES.72865","","","","","","","","","","","","","","","","","","","","","","","","","","Rostratula benghalensis benghalensis (Linnaeus, 1758)",""
"","","","","","","","","","","5c7a3fc70db87d7789c2f08d8f6f45ae","","","","","","","","true","","https://data.biodiversitydata.nl/naturalis/specimen/RMNH.AVES.95728","","","","","","","","","","","","","","","","","","","","","","","","","","Pseudonigrita arnaudi arnaudi (Bonaparte, 1851)",""
"","","","","","","","","","","8750cf2cea448fb137052be5db786a60","","","","","","","","true","","https://data.biodiversitydata.nl/naturalis/specimen/RMNH.AVES.136964","","","","","","","","","","","","","","","","","","","","","","","","","","Hippolais olivetorum (Strickland, 1837)",""
"","","","","","","","","","","4e915212cd4026cea01d6f796f024ed7","","","","","","","","true","","https://data.biodiversitydata.nl/naturalis/specimen/RMNH.AVES.189783","","","","","","","","","","","","","","","","","","","","","","","","","","Oxypogon guerinii guerinii (Boissonneau, 1840)",""
"","","","","","","","","","","7d117f58c179406fb6163a0f2604706a","","","","","","","","true","","https://data.biodiversitydata.nl/naturalis/specimen/ZMA.AVES.22721","","","","","","","","","","","","","","","","","","","","","","","","","","Fringilla montifringilla Linnaeus, 1758",""
"","","","","","","","","","","efdf77e6cc980fc7c62889d9cb0af484","","","","","","","","true","","https://data.biodiversitydata.nl/naturalis/specimen/RMNH.AVES.150920","","","","","","","","","","","","","","","","","","","","","","","","","","Aethopyga siparaja siparaja (Raffles, 1822)",""
"","","","","","","","","","","0044a9639065b9d059ded532971e8b5e","","","","","","","","true","","https://data.biodiversitydata.nl/naturalis/specimen/RMNH.AVES.40520","","","","","","","","","","","","","","","","","","","","","","","","","","Malacocichla sepiaria sepiaria",""
"","","","","","","","","","","93e270d1882b6b5f5f55ee4f3aa5290d","","","","","","","","true","","https://data.biodiversitydata.nl/naturalis/specimen/RMNH.AVES.199695","","","","","","","","","","","","","","","","","","","","","","","","","","Caprimulgus affinis affinis Horsf.",""
"","","","","","","","","","","9710b47db25467b79c23a1dbfb466fd7","","","","","","","","true","","https://data.biodiversitydata.nl/naturalis/specimen/RMNH.AVES.107565","","","","","","","","","","","","","","","","","","","","","","","","","","Podiceps nigricollis nigricollis Brehm, C.L., 1831",""
"","","","","","","","","","","300c1d43804c6b429c296d55900c987e","","","","","","","","true","","https://data.biodiversitydata.nl/naturalis/specimen/RMNH.AVES.108731","","","","","","","","","","","","","","","","","","","","","","","","","","Nycticorax nycticorax nycticorax (Linnaeus)",""
"","","","","","","","","","","e419460de827d1c59600228d90aa0c3e","","","","","","","","true","","https://data.biodiversitydata.nl/naturalis/specimen/RMNH.AVES.134385","","","","","","","","","","","","","","","","","","","","","","","","","","Notiomystis cincta cincta (Du Bus de Gisignies, 1839)",""
"","","","","","","","","","","2e7d96f8eb040bad44af6ada844be50f","","","","","","","","true","","https://data.biodiversitydata.nl/naturalis/specimen/RMNH.AVES.70552","","","","","","","","","","","","","","","","","","","","","","","","","","Ducula aenea aenea (Linnaeus, 1766)",""
"","","","","","","","","","","44ebde15f4593ee78dab087bcdcba6e9","","","","","","","","true","","https://data.biodiversitydata.nl/naturalis/specimen/RMNH.AVES.177249","","","","","","","","","","","","","","","","","","","","","","","","","","Larus argentatus Pontoppidan, 1763",""
"","","","","","","","","","","0afe762184f82935ff9404fc451c97e2","","","","","","","","true","","https://data.biodiversitydata.nl/naturalis/specimen/RMNH.AVES.219421","","","","","","","","","","","","","","","","","","","","","","","","","","Ocyphaps lophotes (Temminck)",""
"","","","","","","","","","","1d8b7668c0c909979def7bb8f7f3144e","","","","","","","","true","","https://data.biodiversitydata.nl/naturalis/specimen/ZMA.AVES.13392","","","","","","","","","","","","","","","","","","","","","","","","","","Lonchura cucullata cucullata Swainson, 1837",""
"","","","","","","","","","","9103926e237a26dd1db4f9269f7da9cb","","","","","","","","true","","https://data.biodiversitydata.nl/naturalis/specimen/RMNH.AVES.53647","","","","","","","","","","","","","","","","","","","","","","","","","","Garrulax canorus taewanus Swinhoe, 1859",""
"","","","","","","","","","","1719689cf7a01233dbcd0dc89589414b","","","","","","","","true","","https://data.biodiversitydata.nl/naturalis/specimen/RMNH.AVES.74916","","","","","","","","","","","","","","","","","","","","","","","","","","Cypsiurus parvus (Lichtenstein, 1823)",""
"","","","","","","","","","","8d5c69ea97a0ccb02c6795472eb9d2ea","","","","","","","","true","","https://data.biodiversitydata.nl/naturalis/specimen/RMNH.AVES.16394","","","","","","","","","","","","","","","","","","","","","","","","","","Parus cristatus mitratus Brehm, 1831",""
"","","","","","","","","","","9d3df49dc23d3acd2522a14bf491bd47","","","","","","","","true","","https://data.biodiversitydata.nl/naturalis/specimen/RMNH.AVES.153661","","","","","","","","","","","","","","","","","","","","","","","","","","Molothrus bonariensis bonariensis (Gmelin, 1789)",""
"","","","","","","","","","","3b8d1df12690dac174b70ba4cc743011","","","","","","","","true","","https://data.biodiversitydata.nl/naturalis/specimen/RMNH.AVES.149027","","","","","","","","","","","","","","","","","","","","","","","","","","Emberiza tahapisi septemstriata Rüppell, 1840",""
"","","","","","","","","","","e9ce651d075ec64339ed8a14bc101858","","","","","","","","true","","https://data.biodiversitydata.nl/naturalis/specimen/RMNH.AVES.56155","","","","","","","","","","","","","","","","","","","","","","","","","","Accipiter nisus nisus (Linnaeus)",""
"","","","","","","","","","","23fd08fd74c1545bf5739d0ab85d463d","","","","","","","","true","","https://data.biodiversitydata.nl/naturalis/specimen/ZMA.AVES.33696","","","","","","","","","","","","","","","","","","","","","","","","","","Pelecanus occidentalis carolinensis Gmelin, J.F., 1789",""
"","","","","","","","","","","bce3d7d51b96075948868dfe007d2d4b","","","","","","","","true","","https://data.biodiversitydata.nl/naturalis/specimen/RMNH.AVES.230205","","","","","","","","","","","","","","","","","","","","","","","","","","Anser albifrons albifrons (Scop.)",""
"","","","","","","","","","","90416bc026e2d21dfe3fbb8205cf9bf0","","","","","","","","true","","https://data.biodiversitydata.nl/naturalis/specimen/RMNH.AVES.254786","","","","","","","","","","","","","","","","","","","","","","","","","","Euphonia nigricollis Vieillot, 1819",""
"","","","","","","","","","","2cd86becdc64c37407f8cf6821a41b78","","","","","","","","true","","https://data.biodiversitydata.nl/naturalis/specimen/ZMA.AVES.23597","","","","","","","","","","","","","","","","","","","","","","","","","","Philomachus pugnax Linnaeus, 1758",""
"","","","","","","","","","","fd9134826c41b0eb778d38792230c490","","","","","","","","true","","https://data.biodiversitydata.nl/naturalis/specimen/RMNH.AVES.209780","","","","","","","","","","","","","","","","","","","","","","","","","","Psittrichas fulgidus (Lesson)",""
"","","","","","","","","","","c66e44959d9f744ba7ac2f38bf0bcce1","","","","","","","","true","","https://data.biodiversitydata.nl/naturalis/specimen/ZMA.AVES.11517","","","","","","","","","","","","","","","","","","","","","","","","","","Sterna sandvicensis eurygnatha Saunders, 1876",""
"","","","","","","","","","","1d883294eace520b3da1d1fe36ed2c6c","","","","","","","","true","","https://data.biodiversitydata.nl/naturalis/specimen/ZMA.AVES.46311","","","","","","","","","","","","","","","","","","","","","","","","","","Motacilla cinerea cinerea Tunstall, 1771",""
"","","","","","","","","","","f47d3c53d41ba7568fd1aad1672958b6","","","","","","","","true","","https://data.biodiversitydata.nl/naturalis/specimen/RMNH.AVES.203562","","","","","","","","","","","","","","","","","","","","","","","","","","Dryocopus javensis parvus (Richmond)",""
"","","","","","","","","","","73a7f3dc92f9f53d77798fd86542ac12","","","","","","","","true","","https://data.biodiversitydata.nl/naturalis/specimen/RMNH.AVES.208622","","","","","","","","","","","","","","","","","","","","","","","","","","Aratinga pertinax pertinax (Linnaeus)",""
"","","","","","","","","","","7c19ad31dd71b0794e155bd8fdfb33d2","","","","","","","","true","","https://data.biodiversitydata.nl/naturalis/specimen/RMNH.AVES.179677","","","","","","","","","","","","","","","","","","","","","","","","","","Ducula luctuosa (Temminck, 1825)",""
"","","","","","","","","","","9400d7d091f609387a2683b4f2ad2232","","","","","","","","true","","https://data.biodiversitydata.nl/naturalis/specimen/ZMA.AVES.63087.b","","","","","","","","","","","","","","","","","","","","","","","","","","Collocalia esculenta linchi Horsfield and Moore, F., 1854",""
"","","","","","","","","","","ab82c0c1c8c3504176c2563bf64a7e53","","","","","","","","true","","https://data.biodiversitydata.nl/naturalis/specimen/RMNH.AVES.153305","","","","","","","","","","","","","","","","","","","","","","","","","","Cacicus haemorrhous affinis Swainson, 1834",""
"","","","","","","","","","","c02979ee157260865a2a088ceca326f5","","","","","","","","true","","https://data.biodiversitydata.nl/naturalis/specimen/RMNH.AVES.143308","","","","","","","","","","","","","","","","","","","","","","","","","","Aplonis atrifusca (Peale, 1848)",""
"","","","","","","","","","","71e7e677cbaedcd42374f095e5cb5b8f","","","","","","","","true","","https://data.biodiversitydata.nl/naturalis/specimen/RMNH.5070242.c","","","","","","","","","","","","","","","","","","","","","","","","","","Jynx ruficollis Wagler, 1830",""
"","","","","","","","","","","4a0b0e41c8e8c23214f0df0c6b1151e4","","","","","","","","true","","https://data.biodiversitydata.nl/naturalis/specimen/RMNH.AVES.26347","","","","","","","","","","","","","","","","","","","","","","","","","","sylvia borin borin (Boddaert, 1783)",""
"","","","","","","","","","","1264c3ca70894fb0b25eab14ee5a5552","","","","","","","","true","","https://data.biodiversitydata.nl/naturalis/specimen/RMNH.AVES.121916","","","","","","","","","","","","","","","","","","","","","","","","","","Lullula arborea arborea (Linnaeus, 1758)",""
"","","","","","","","","","","563486dfa002af42f798cf1a1cbd19ea","","","","","","","","true","","https://data.biodiversitydata.nl/naturalis/specimen/ZMA.AVES.9571","","","","","","","","","","","","","","","","","","","","","","","","","","Zonotrichia albicollis Gmelin, J.F., 1789",""
"","","","","","","","","","","2b4799ab5643d1f4c7ea6adae270f20e","","","","","","","","true","","https://data.biodiversitydata.nl/naturalis/specimen/RMNH.AVES.100019","","","","","","","","","","","","","","","","","","","","","","","","","","Dicrurus hottentottus suluensis Hartert, 1902",""
"","","","","","","","","","","a238d26c0373d1c47ded81edd3e4bd1d","","","","","","","","true","","https://data.biodiversitydata.nl/naturalis/specimen/RMNH.AVES.15127","","","","","","","","","","","","","","","","","","","","","","","","","","Charmosyna placentis occidentalis Mayr",""
"","","","","","","","","","","7beee488dd1fa19586cf23693f59df58","","","","","","","","true","","https://data.biodiversitydata.nl/naturalis/specimen/RMNH.AVES.61338","","","","","","","","","","","","","","","","","","","","","","","","","","Hemiprocne comata comata (Temminck, 1824)",""
"","","","","","","","","","","e08a29ba3da8323c939461bafc6fc22c","","","","","","","","true","","https://data.biodiversitydata.nl/naturalis/specimen/RMNH.AVES.177206","","","","","","","","","","","","","","","","","","","","","","","","","","Falco tinnunculus tinnunculus Linnaeus, 1758",""
"","","","","","","","","","","2acdd2ca6fff092c0d7e85cb792ee49e","","","","","","","","true","","https://data.biodiversitydata.nl/naturalis/specimen/RMNH.AVES.252950","","","","","","","","","","","","","","","","","","","","","","","","","","Perdix perdix (Linnaeus)",""
"","","","","","","","","","","0c697ab42cc8bb7394aaa3a3fbc117e1","","","","","","","","true","","https://data.biodiversitydata.nl/naturalis/specimen/RMNH.AVES.140130","","","","","","","","","","","","","","","","","","","","","","","","","","Garrulus glandarius glandarius (Linnaeus, 1758)",""
"","","","","","","","","","","a2e1a8475eb0f1ad3e2f7e925dfceaca","","","","","","","","true","","https://data.biodiversitydata.nl/naturalis/specimen/ZMA.AVES.49773","","","","","","","","","","","","","","","","","","","","","","","","","","Turdus merula merula Linnaeus, 1758",""
"","","","","","","","","","","be4f1f891f3297e1bccbb550ebbb020e","","","","","","","","true","","https://data.biodiversitydata.nl/naturalis/specimen/ZMA.AVES.14478","","","","","","","","","","","","","","","","","","","","","","","","","","Saxicola torquatus torquatus Linnaeus, 1766",""
"","","","","","","","","","","e0c40f8f72fe94c03bbf591e6dd108c7","","","","","","","","true","","https://data.biodiversitydata.nl/naturalis/specimen/RMNH.AVES.64307","","","","","","","","","","","","","","","","","","","","","","","","","","Stachyris thoracica thoracica (Temminck, 1821)",""
"","","","","","","","","","","c9448e1bb39505de101fbbaab588e130","","","","","","","","true","","https://data.biodiversitydata.nl/naturalis/specimen/RMNH.AVES.15668","","","","","","","","","","","","","","","","","","","","","","","","","","Circus aeruginosus aeruginosus (Linnaeus, 1758)",""
"","","","","","","","","","","80c9a2cefe3affb43813cbda1795064e","","","","","","","","true","","https://data.biodiversitydata.nl/naturalis/specimen/RMNH.AVES.197796","","","","","","","","","","","","","","","","","","","","","","","","","","Speotyto cunicularia cunicularia (Molina)",""
"","","","","","","","","","","62a0bc350bf135d2ce05f9217d922728","","","","","","","","true","","https://data.biodiversitydata.nl/naturalis/specimen/ZMA.AVES.39545","","","","","","","","","","","","","","","","","","","","","","","","","","Ciconia ciconia ciconia (Linnaeus, 1758)",""
