"materialEntityID","usagePolicyID"
"https://data.biodiversitydata.nl/naturalis/specimen/ZMA.AVES.1014","808cd582f6925e3d2842d4f3d3623edc"
"https://data.biodiversitydata.nl/naturalis/specimen/RMNH.AVES.78854","808cd582f6925e3d2842d4f3d3623edc"
"https://data.biodiversitydata.nl/naturalis/specimen/RMNH.AVES.34302","808cd582f6925e3d2842d4f3d3623edc"
"https://data.biodiversitydata.nl/naturalis/specimen/RMNH.AVES.234210","808cd582f6925e3d2842d4f3d3623edc"
"https://data.biodiversitydata.nl/naturalis/specimen/ZMA.AVES.34909","808cd582f6925e3d2842d4f3d3623edc"
"https://data.biodiversitydata.nl/naturalis/specimen/ZMA.AVES.31709","808cd582f6925e3d2842d4f3d3623edc"
"https://data.biodiversitydata.nl/naturalis/specimen/ZMA.AVES.36986","808cd582f6925e3d2842d4f3d3623edc"
"https://data.biodiversitydata.nl/naturalis/specimen/RMNH.AVES.179722","808cd582f6925e3d2842d4f3d3623edc"
"https://data.biodiversitydata.nl/naturalis/specimen/ZMA.AVES.11031","808cd582f6925e3d2842d4f3d3623edc"
"https://data.biodiversitydata.nl/naturalis/specimen/RMNH.AVES.176886","808cd582f6925e3d2842d4f3d3623edc"
"https://data.biodiversitydata.nl/naturalis/specimen/ZMA.AVES.28640","808cd582f6925e3d2842d4f3d3623edc"
"https://data.biodiversitydata.nl/naturalis/specimen/RMNH.AVES.260948.c","808cd582f6925e3d2842d4f3d3623edc"
"https://data.biodiversitydata.nl/naturalis/specimen/RMNH.AVES.252899","808cd582f6925e3d2842d4f3d3623edc"
"https://data.biodiversitydata.nl/naturalis/specimen/RMNH.AVES.58046","808cd582f6925e3d2842d4f3d3623edc"
"https://data.biodiversitydata.nl/naturalis/specimen/RMNH.AVES.211568","808cd582f6925e3d2842d4f3d3623edc"
"https://data.biodiversitydata.nl/naturalis/specimen/RMNH.AVES.52890","808cd582f6925e3d2842d4f3d3623edc"
"https://data.biodiversitydata.nl/naturalis/specimen/RMNH.AVES.4263","808cd582f6925e3d2842d4f3d3623edc"
"https://data.biodiversitydata.nl/naturalis/specimen/RMNH.AVES.177951","808cd582f6925e3d2842d4f3d3623edc"
"https://data.biodiversitydata.nl/naturalis/specimen/ZMA.AVES.39914","808cd582f6925e3d2842d4f3d3623edc"
"https://data.biodiversitydata.nl/naturalis/specimen/RMNH.AVES.154818","808cd582f6925e3d2842d4f3d3623edc"
"https://data.biodiversitydata.nl/naturalis/specimen/RMNH.AVES.72441","808cd582f6925e3d2842d4f3d3623edc"
"https://data.biodiversitydata.nl/naturalis/specimen/RMNH.AVES.259619","808cd582f6925e3d2842d4f3d3623edc"
"https://data.biodiversitydata.nl/naturalis/specimen/RMNH.AVES.11006","808cd582f6925e3d2842d4f3d3623edc"
"https://data.biodiversitydata.nl/naturalis/specimen/ZMA.AVES.1206","808cd582f6925e3d2842d4f3d3623edc"
"https://data.biodiversitydata.nl/naturalis/specimen/ZMA.AVES.28059","808cd582f6925e3d2842d4f3d3623edc"
"https://data.biodiversitydata.nl/naturalis/specimen/RMNH.AVES.35627","808cd582f6925e3d2842d4f3d3623edc"
"https://data.biodiversitydata.nl/naturalis/specimen/RMNH.AVES.221191","808cd582f6925e3d2842d4f3d3623edc"
"https://data.biodiversitydata.nl/naturalis/specimen/RMNH.AVES.16939","808cd582f6925e3d2842d4f3d3623edc"
"https://data.biodiversitydata.nl/naturalis/specimen/RMNH.AVES.213553","808cd582f6925e3d2842d4f3d3623edc"
"https://data.biodiversitydata.nl/naturalis/specimen/RMNH.AVES.29745","808cd582f6925e3d2842d4f3d3623edc"
"https://data.biodiversitydata.nl/naturalis/specimen/ZMA.AVES.50624","808cd582f6925e3d2842d4f3d3623edc"
"https://data.biodiversitydata.nl/naturalis/specimen/RMNH.AVES.57315","808cd582f6925e3d2842d4f3d3623edc"
"https://data.biodiversitydata.nl/naturalis/specimen/RMNH.AVES.179103","808cd582f6925e3d2842d4f3d3623edc"
"https://data.biodiversitydata.nl/naturalis/specimen/RMNH.AVES.59634","808cd582f6925e3d2842d4f3d3623edc"
"https://data.biodiversitydata.nl/naturalis/specimen/ZMA.AVES.56257","808cd582f6925e3d2842d4f3d3623edc"
"https://data.biodiversitydata.nl/naturalis/specimen/RMNH.AVES.161316","808cd582f6925e3d2842d4f3d3623edc"
"https://data.biodiversitydata.nl/naturalis/specimen/ZMA.AVES.50950","808cd582f6925e3d2842d4f3d3623edc"
"https://data.biodiversitydata.nl/naturalis/specimen/RMNH.5092444.b","808cd582f6925e3d2842d4f3d3623edc"
"https://data.biodiversitydata.nl/naturalis/specimen/RMNH.AVES.135228","808cd582f6925e3d2842d4f3d3623edc"
"https://data.biodiversitydata.nl/naturalis/specimen/RMNH.AVES.86161","808cd582f6925e3d2842d4f3d3623edc"
"https://data.biodiversitydata.nl/naturalis/specimen/ZMA.AVES.63838","808cd582f6925e3d2842d4f3d3623edc"
"https://data.biodiversitydata.nl/naturalis/specimen/ZMA.AVES.47768","808cd582f6925e3d2842d4f3d3623edc"
"https://data.biodiversitydata.nl/naturalis/specimen/RMNH.AVES.228827","808cd582f6925e3d2842d4f3d3623edc"
"https://data.biodiversitydata.nl/naturalis/specimen/RMNH.AVES.188539","808cd582f6925e3d2842d4f3d3623edc"
"https://data.biodiversitydata.nl/naturalis/specimen/RMNH.AVES.34528","808cd582f6925e3d2842d4f3d3623edc"
"https://data.biodiversitydata.nl/naturalis/specimen/RMNH.5092347.a","808cd582f6925e3d2842d4f3d3623edc"
"https://data.biodiversitydata.nl/naturalis/specimen/RMNH.AVES.156840","808cd582f6925e3d2842d4f3d3623edc"
"https://data.biodiversitydata.nl/naturalis/specimen/RMNH.AVES.72028","808cd582f6925e3d2842d4f3d3623edc"
"https://data.biodiversitydata.nl/naturalis/specimen/RMNH.AVES.207363","808cd582f6925e3d2842d4f3d3623edc"
"https://data.biodiversitydata.nl/naturalis/specimen/RMNH.AVES.140023","808cd582f6925e3d2842d4f3d3623edc"
"https://data.biodiversitydata.nl/naturalis/specimen/RMNH.AVES.171448","808cd582f6925e3d2842d4f3d3623edc"
"https://data.biodiversitydata.nl/naturalis/specimen/ZMA.AVES.41941","808cd582f6925e3d2842d4f3d3623edc"
"https://data.biodiversitydata.nl/naturalis/specimen/RMNH.AVES.120368","808cd582f6925e3d2842d4f3d3623edc"
"https://data.biodiversitydata.nl/naturalis/specimen/RMNH.AVES.132918","808cd582f6925e3d2842d4f3d3623edc"
"https://data.biodiversitydata.nl/naturalis/specimen/RMNH.AVES.172987","808cd582f6925e3d2842d4f3d3623edc"
"https://data.biodiversitydata.nl/naturalis/specimen/RMNH.AVES.78474","808cd582f6925e3d2842d4f3d3623edc"
"https://data.biodiversitydata.nl/naturalis/specimen/ZMA.AVES.57443","808cd582f6925e3d2842d4f3d3623edc"
"https://data.biodiversitydata.nl/naturalis/specimen/RMNH.AVES.220138","808cd582f6925e3d2842d4f3d3623edc"
"https://data.biodiversitydata.nl/naturalis/specimen/ZMA.AVES.12672","808cd582f6925e3d2842d4f3d3623edc"
"https://data.biodiversitydata.nl/naturalis/specimen/ZMA.AVES.30393","808cd582f6925e3d2842d4f3d3623edc"
"https://data.biodiversitydata.nl/naturalis/specimen/RMNH.AVES.15160","808cd582f6925e3d2842d4f3d3623edc"
"https://data.biodiversitydata.nl/naturalis/specimen/RMNH.AVES.210848","808cd582f6925e3d2842d4f3d3623edc"
"https://data.biodiversitydata.nl/naturalis/specimen/RMNH.AVES.202476","808cd582f6925e3d2842d4f3d3623edc"
"https://data.biodiversitydata.nl/naturalis/specimen/RMNH.AVES.223763","808cd582f6925e3d2842d4f3d3623edc"
"https://data.biodiversitydata.nl/naturalis/specimen/RMNH.AVES.232675","808cd582f6925e3d2842d4f3d3623edc"
"https://data.biodiversitydata.nl/naturalis/specimen/RMNH.AVES.11449","808cd582f6925e3d2842d4f3d3623edc"
"https://data.biodiversitydata.nl/naturalis/specimen/RMNH.AVES.146776","808cd582f6925e3d2842d4f3d3623edc"
"https://data.biodiversitydata.nl/naturalis/specimen/RMNH.AVES.170652","808cd582f6925e3d2842d4f3d3623edc"
"https://data.biodiversitydata.nl/naturalis/specimen/RMNH.AVES.224338","808cd582f6925e3d2842d4f3d3623edc"
"https://data.biodiversitydata.nl/naturalis/specimen/RMNH.AVES.47607","808cd582f6925e3d2842d4f3d3623edc"
"https://data.biodiversitydata.nl/naturalis/specimen/ZMA.AVES.54107","808cd582f6925e3d2842d4f3d3623edc"
"https://data.biodiversitydata.nl/naturalis/specimen/RMNH.AVES.9141","808cd582f6925e3d2842d4f3d3623edc"
"https://data.biodiversitydata.nl/naturalis/specimen/RMNH.AVES.17937","808cd582f6925e3d2842d4f3d3623edc"
"https://data.biodiversitydata.nl/naturalis/specimen/RMNH.AVES.198467","808cd582f6925e3d2842d4f3d3623edc"
"https://data.biodiversitydata.nl/naturalis/specimen/RMNH.AVES.126660","808cd582f6925e3d2842d4f3d3623edc"
"https://data.biodiversitydata.nl/naturalis/specimen/RMNH.AVES.98105","808cd582f6925e3d2842d4f3d3623edc"
"https://data.biodiversitydata.nl/naturalis/specimen/RMNH.AVES.48135","808cd582f6925e3d2842d4f3d3623edc"
"https://data.biodiversitydata.nl/naturalis/specimen/ZMA.AVES.59285","808cd582f6925e3d2842d4f3d3623edc"
"https://data.biodiversitydata.nl/naturalis/specimen/RMNH.AVES.147655","808cd582f6925e3d2842d4f3d3623edc"
"https://data.biodiversitydata.nl/naturalis/specimen/RMNH.AVES.176672","808cd582f6925e3d2842d4f3d3623edc"
"https://data.biodiversitydata.nl/naturalis/specimen/RMNH.AVES.56975","808cd582f6925e3d2842d4f3d3623edc"
"https://data.biodiversitydata.nl/naturalis/specimen/RMNH.AVES.55236","808cd582f6925e3d2842d4f3d3623edc"
"https://data.biodiversitydata.nl/naturalis/specimen/ZMA.AVES.39356","808cd582f6925e3d2842d4f3d3623edc"
"https://data.biodiversitydata.nl/naturalis/specimen/RMNH.AVES.216677","808cd582f6925e3d2842d4f3d3623edc"
"https://data.biodiversitydata.nl/naturalis/specimen/RMNH.AVES.28242","808cd582f6925e3d2842d4f3d3623edc"
"https://data.biodiversitydata.nl/naturalis/specimen/RMNH.AVES.24254","808cd582f6925e3d2842d4f3d3623edc"
"https://data.biodiversitydata.nl/naturalis/specimen/ZMA.AVES.64480","808cd582f6925e3d2842d4f3d3623edc"
"https://data.biodiversitydata.nl/naturalis/specimen/RMNH.AVES.23934","808cd582f6925e3d2842d4f3d3623edc"
"https://data.biodiversitydata.nl/naturalis/specimen/ZMA.AVES.4560","808cd582f6925e3d2842d4f3d3623edc"
"https://data.biodiversitydata.nl/naturalis/specimen/RMNH.AVES.100878","808cd582f6925e3d2842d4f3d3623edc"
"https://data.biodiversitydata.nl/naturalis/specimen/RMNH.AVES.89301","808cd582f6925e3d2842d4f3d3623edc"
"https://data.biodiversitydata.nl/naturalis/specimen/ZMA.AVES.35006","808cd582f6925e3d2842d4f3d3623edc"
"https://data.biodiversitydata.nl/naturalis/specimen/RMNH.AVES.18560","808cd582f6925e3d2842d4f3d3623edc"
"https://data.biodiversitydata.nl/naturalis/specimen/RMNH.AVES.233147","808cd582f6925e3d2842d4f3d3623edc"
"https://data.biodiversitydata.nl/naturalis/specimen/RMNH.AVES.156018","808cd582f6925e3d2842d4f3d3623edc"
"https://data.biodiversitydata.nl/naturalis/specimen/ZMA.AVES.47185","808cd582f6925e3d2842d4f3d3623edc"
"https://data.biodiversitydata.nl/naturalis/specimen/RMNH.AVES.33281","808cd582f6925e3d2842d4f3d3623edc"
"https://data.biodiversitydata.nl/naturalis/specimen/RMNH.AVES.24500","808cd582f6925e3d2842d4f3d3623edc"
"https://data.biodiversitydata.nl/naturalis/specimen/RMNH.AVES.131995","808cd582f6925e3d2842d4f3d3623edc"
"https://data.biodiversitydata.nl/naturalis/specimen/RMNH.AVES.71101.a","808cd582f6925e3d2842d4f3d3623edc"
"https://data.biodiversitydata.nl/naturalis/specimen/RMNH.AVES.131263","808cd582f6925e3d2842d4f3d3623edc"
"https://data.biodiversitydata.nl/naturalis/specimen/RMNH.AVES.5782","808cd582f6925e3d2842d4f3d3623edc"
"https://data.biodiversitydata.nl/naturalis/specimen/RMNH.AVES.102192","808cd582f6925e3d2842d4f3d3623edc"
"https://data.biodiversitydata.nl/naturalis/specimen/RMNH.AVES.93191","808cd582f6925e3d2842d4f3d3623edc"
"https://data.biodiversitydata.nl/naturalis/specimen/RMNH.AVES.16147.b","808cd582f6925e3d2842d4f3d3623edc"
"https://data.biodiversitydata.nl/naturalis/specimen/ZMA.AVES.38771","808cd582f6925e3d2842d4f3d3623edc"
"https://data.biodiversitydata.nl/naturalis/specimen/RMNH.AVES.161861","808cd582f6925e3d2842d4f3d3623edc"
"https://data.biodiversitydata.nl/naturalis/specimen/RMNH.AVES.107361","808cd582f6925e3d2842d4f3d3623edc"
"https://data.biodiversitydata.nl/naturalis/specimen/RMNH.AVES.205463","808cd582f6925e3d2842d4f3d3623edc"
"https://data.biodiversitydata.nl/naturalis/specimen/RMNH.AVES.92316","808cd582f6925e3d2842d4f3d3623edc"
"https://data.biodiversitydata.nl/naturalis/specimen/RMNH.AVES.156767","808cd582f6925e3d2842d4f3d3623edc"
"https://data.biodiversitydata.nl/naturalis/specimen/ZMA.AVES.12416","808cd582f6925e3d2842d4f3d3623edc"
"https://data.biodiversitydata.nl/naturalis/specimen/RMNH.AVES.54388","808cd582f6925e3d2842d4f3d3623edc"
"https://data.biodiversitydata.nl/naturalis/specimen/ZMA.AVES.34938","808cd582f6925e3d2842d4f3d3623edc"
"https://data.biodiversitydata.nl/naturalis/specimen/RMNH.AVES.198327","808cd582f6925e3d2842d4f3d3623edc"
"https://data.biodiversitydata.nl/naturalis/specimen/RMNH.AVES.197050","808cd582f6925e3d2842d4f3d3623edc"
"https://data.biodiversitydata.nl/naturalis/specimen/RMNH.AVES.229353","808cd582f6925e3d2842d4f3d3623edc"
"https://data.biodiversitydata.nl/naturalis/specimen/RMNH.AVES.169996","808cd582f6925e3d2842d4f3d3623edc"
"https://data.biodiversitydata.nl/naturalis/specimen/RMNH.AVES.214162","808cd582f6925e3d2842d4f3d3623edc"
"https://data.biodiversitydata.nl/naturalis/specimen/ZMA.AVES.64784","808cd582f6925e3d2842d4f3d3623edc"
"https://data.biodiversitydata.nl/naturalis/specimen/RMNH.AVES.124655","808cd582f6925e3d2842d4f3d3623edc"
"https://data.biodiversitydata.nl/naturalis/specimen/ZMA.AVES.17803","808cd582f6925e3d2842d4f3d3623edc"
"https://data.biodiversitydata.nl/naturalis/specimen/ZMA.AVES.57764","808cd582f6925e3d2842d4f3d3623edc"
"https://data.biodiversitydata.nl/naturalis/specimen/RMNH.AVES.90239","808cd582f6925e3d2842d4f3d3623edc"
"https://data.biodiversitydata.nl/naturalis/specimen/RMNH.AVES.232841","808cd582f6925e3d2842d4f3d3623edc"
"https://data.biodiversitydata.nl/naturalis/specimen/RMNH.AVES.58274","808cd582f6925e3d2842d4f3d3623edc"
"https://data.biodiversitydata.nl/naturalis/specimen/ZMA.AVES.16512","808cd582f6925e3d2842d4f3d3623edc"
"https://data.biodiversitydata.nl/naturalis/specimen/ZMA.AVES.16080","808cd582f6925e3d2842d4f3d3623edc"
"https://data.biodiversitydata.nl/naturalis/specimen/RMNH.AVES.44228","808cd582f6925e3d2842d4f3d3623edc"
"https://data.biodiversitydata.nl/naturalis/specimen/RMNH.AVES.176556","808cd582f6925e3d2842d4f3d3623edc"
"https://data.biodiversitydata.nl/naturalis/specimen/RMNH.AVES.207145","808cd582f6925e3d2842d4f3d3623edc"
"https://data.biodiversitydata.nl/naturalis/specimen/RMNH.AVES.132593","808cd582f6925e3d2842d4f3d3623edc"
"https://data.biodiversitydata.nl/naturalis/specimen/ZMA.AVES.37049","808cd582f6925e3d2842d4f3d3623edc"
"https://data.biodiversitydata.nl/naturalis/specimen/RMNH.AVES.21898","808cd582f6925e3d2842d4f3d3623edc"
"https://data.biodiversitydata.nl/naturalis/specimen/RMNH.AVES.203681","808cd582f6925e3d2842d4f3d3623edc"
"https://data.biodiversitydata.nl/naturalis/specimen/ZMA.AVES.43896","808cd582f6925e3d2842d4f3d3623edc"
"https://data.biodiversitydata.nl/naturalis/specimen/RMNH.AVES.121385","808cd582f6925e3d2842d4f3d3623edc"
"https://data.biodiversitydata.nl/naturalis/specimen/RMNH.AVES.66037","808cd582f6925e3d2842d4f3d3623edc"
"https://data.biodiversitydata.nl/naturalis/specimen/RMNH.AVES.254986","808cd582f6925e3d2842d4f3d3623edc"
"https://data.biodiversitydata.nl/naturalis/specimen/ZMA.AVES.4767","808cd582f6925e3d2842d4f3d3623edc"
"https://data.biodiversitydata.nl/naturalis/specimen/RMNH.AVES.54129","808cd582f6925e3d2842d4f3d3623edc"
"https://data.biodiversitydata.nl/naturalis/specimen/ZMA.AVES.864","808cd582f6925e3d2842d4f3d3623edc"
"https://data.biodiversitydata.nl/naturalis/specimen/RMNH.AVES.65339","808cd582f6925e3d2842d4f3d3623edc"
"https://data.biodiversitydata.nl/naturalis/specimen/ZMA.AVES.13756","808cd582f6925e3d2842d4f3d3623edc"
"https://data.biodiversitydata.nl/naturalis/specimen/RMNH.AVES.155398","808cd582f6925e3d2842d4f3d3623edc"
"https://data.biodiversitydata.nl/naturalis/specimen/RMNH.AVES.33334","808cd582f6925e3d2842d4f3d3623edc"
"https://data.biodiversitydata.nl/naturalis/specimen/RMNH.AVES.174197","808cd582f6925e3d2842d4f3d3623edc"
"https://data.biodiversitydata.nl/naturalis/specimen/RMNH.AVES.127101","808cd582f6925e3d2842d4f3d3623edc"
"https://data.biodiversitydata.nl/naturalis/specimen/RMNH.AVES.226207","808cd582f6925e3d2842d4f3d3623edc"
"https://data.biodiversitydata.nl/naturalis/specimen/RMNH.AVES.78301","808cd582f6925e3d2842d4f3d3623edc"
"https://data.biodiversitydata.nl/naturalis/specimen/RMNH.AVES.58849","808cd582f6925e3d2842d4f3d3623edc"
"https://data.biodiversitydata.nl/naturalis/specimen/ZMA.AVES.19293","808cd582f6925e3d2842d4f3d3623edc"
"https://data.biodiversitydata.nl/naturalis/specimen/RMNH.AVES.165038","808cd582f6925e3d2842d4f3d3623edc"
"https://data.biodiversitydata.nl/naturalis/specimen/RMNH.AVES.259833","808cd582f6925e3d2842d4f3d3623edc"
"https://data.biodiversitydata.nl/naturalis/specimen/RMNH.AVES.123109","808cd582f6925e3d2842d4f3d3623edc"
"https://data.biodiversitydata.nl/naturalis/specimen/ZMA.AVES.34486","808cd582f6925e3d2842d4f3d3623edc"
"https://data.biodiversitydata.nl/naturalis/specimen/ZMA.AVES.30858","808cd582f6925e3d2842d4f3d3623edc"
"https://data.biodiversitydata.nl/naturalis/specimen/ZMA.AVES.57024","808cd582f6925e3d2842d4f3d3623edc"
"https://data.biodiversitydata.nl/naturalis/specimen/RMNH.AVES.61737","808cd582f6925e3d2842d4f3d3623edc"
"https://data.biodiversitydata.nl/naturalis/specimen/RMNH.AVES.167931","808cd582f6925e3d2842d4f3d3623edc"
"https://data.biodiversitydata.nl/naturalis/specimen/RMNH.AVES.61449","808cd582f6925e3d2842d4f3d3623edc"
"https://data.biodiversitydata.nl/naturalis/specimen/RMNH.AVES.209337","808cd582f6925e3d2842d4f3d3623edc"
"https://data.biodiversitydata.nl/naturalis/specimen/RMNH.AVES.25692","808cd582f6925e3d2842d4f3d3623edc"
"https://data.biodiversitydata.nl/naturalis/specimen/RMNH.AVES.175711","808cd582f6925e3d2842d4f3d3623edc"
"https://data.biodiversitydata.nl/naturalis/specimen/RMNH.AVES.260514","808cd582f6925e3d2842d4f3d3623edc"
"https://data.biodiversitydata.nl/naturalis/specimen/ZMA.AVES.42204","808cd582f6925e3d2842d4f3d3623edc"
"https://data.biodiversitydata.nl/naturalis/specimen/ZMA.AVES.37601","808cd582f6925e3d2842d4f3d3623edc"
"https://data.biodiversitydata.nl/naturalis/specimen/RMNH.AVES.137978","808cd582f6925e3d2842d4f3d3623edc"
"https://data.biodiversitydata.nl/naturalis/specimen/RMNH.AVES.259452.c","808cd582f6925e3d2842d4f3d3623edc"
"https://data.biodiversitydata.nl/naturalis/specimen/RMNH.AVES.62266","808cd582f6925e3d2842d4f3d3623edc"
"https://data.biodiversitydata.nl/naturalis/specimen/RMNH.AVES.60330.b","808cd582f6925e3d2842d4f3d3623edc"
"https://data.biodiversitydata.nl/naturalis/specimen/RMNH.AVES.65519","808cd582f6925e3d2842d4f3d3623edc"
"https://data.biodiversitydata.nl/naturalis/specimen/RMNH.AVES.150844","808cd582f6925e3d2842d4f3d3623edc"
"https://data.biodiversitydata.nl/naturalis/specimen/RMNH.AVES.108750","808cd582f6925e3d2842d4f3d3623edc"
"https://data.biodiversitydata.nl/naturalis/specimen/RMNH.AVES.193421","808cd582f6925e3d2842d4f3d3623edc"
"https://data.biodiversitydata.nl/naturalis/specimen/ZMA.AVES.63310","808cd582f6925e3d2842d4f3d3623edc"
"https://data.biodiversitydata.nl/naturalis/specimen/ZMA.AVES.64634","808cd582f6925e3d2842d4f3d3623edc"
"https://data.biodiversitydata.nl/naturalis/specimen/RMNH.AVES.195764","808cd582f6925e3d2842d4f3d3623edc"
"https://data.biodiversitydata.nl/naturalis/specimen/RMNH.AVES.56764","808cd582f6925e3d2842d4f3d3623edc"
"https://data.biodiversitydata.nl/naturalis/specimen/RMNH.AVES.38413","808cd582f6925e3d2842d4f3d3623edc"
"https://data.biodiversitydata.nl/naturalis/specimen/RMNH.AVES.71433","808cd582f6925e3d2842d4f3d3623edc"
"https://data.biodiversitydata.nl/naturalis/specimen/RMNH.AVES.256953","808cd582f6925e3d2842d4f3d3623edc"
"https://data.biodiversitydata.nl/naturalis/specimen/RMNH.AVES.P.2133","808cd582f6925e3d2842d4f3d3623edc"
"https://data.biodiversitydata.nl/naturalis/specimen/RMNH.AVES.201226","808cd582f6925e3d2842d4f3d3623edc"
"https://data.biodiversitydata.nl/naturalis/specimen/RMNH.AVES.64357","808cd582f6925e3d2842d4f3d3623edc"
"https://data.biodiversitydata.nl/naturalis/specimen/ZMA.AVES.64827.a","808cd582f6925e3d2842d4f3d3623edc"
"https://data.biodiversitydata.nl/naturalis/specimen/RMNH.AVES.123823","808cd582f6925e3d2842d4f3d3623edc"
"https://data.biodiversitydata.nl/naturalis/specimen/RMNH.AVES.212253","808cd582f6925e3d2842d4f3d3623edc"
"https://data.biodiversitydata.nl/naturalis/specimen/RMNH.AVES.134053","808cd582f6925e3d2842d4f3d3623edc"
"https://data.biodiversitydata.nl/naturalis/specimen/RMNH.AVES.172405","808cd582f6925e3d2842d4f3d3623edc"
"https://data.biodiversitydata.nl/naturalis/specimen/RMNH.AVES.31167","808cd582f6925e3d2842d4f3d3623edc"
"https://data.biodiversitydata.nl/naturalis/specimen/RMNH.AVES.183049","808cd582f6925e3d2842d4f3d3623edc"
"https://data.biodiversitydata.nl/naturalis/specimen/RMNH.AVES.161504","808cd582f6925e3d2842d4f3d3623edc"
"https://data.biodiversitydata.nl/naturalis/specimen/RMNH.AVES.259161","808cd582f6925e3d2842d4f3d3623edc"
"https://data.biodiversitydata.nl/naturalis/specimen/ZMA.AVES.44577","808cd582f6925e3d2842d4f3d3623edc"
"https://data.biodiversitydata.nl/naturalis/specimen/RMNH.AVES.189355","808cd582f6925e3d2842d4f3d3623edc"
"https://data.biodiversitydata.nl/naturalis/specimen/RMNH.AVES.200428","808cd582f6925e3d2842d4f3d3623edc"
"https://data.biodiversitydata.nl/naturalis/specimen/RMNH.AVES.39880","808cd582f6925e3d2842d4f3d3623edc"
"https://data.biodiversitydata.nl/naturalis/specimen/RMNH.AVES.57509","808cd582f6925e3d2842d4f3d3623edc"
"https://data.biodiversitydata.nl/naturalis/specimen/RMNH.AVES.70433","808cd582f6925e3d2842d4f3d3623edc"
"https://data.biodiversitydata.nl/naturalis/specimen/ZMA.AVES.20174","808cd582f6925e3d2842d4f3d3623edc"
"https://data.biodiversitydata.nl/naturalis/specimen/RMNH.AVES.173954","808cd582f6925e3d2842d4f3d3623edc"
"https://data.biodiversitydata.nl/naturalis/specimen/RMNH.AVES.76144","808cd582f6925e3d2842d4f3d3623edc"
"https://data.biodiversitydata.nl/naturalis/specimen/RMNH.AVES.168725","808cd582f6925e3d2842d4f3d3623edc"
"https://data.biodiversitydata.nl/naturalis/specimen/ZMA.AVES.42961","808cd582f6925e3d2842d4f3d3623edc"
"https://data.biodiversitydata.nl/naturalis/specimen/ZMA.AVES.30432","808cd582f6925e3d2842d4f3d3623edc"
"https://data.biodiversitydata.nl/naturalis/specimen/RMNH.AVES.76237","808cd582f6925e3d2842d4f3d3623edc"
"https://data.biodiversitydata.nl/naturalis/specimen/ZMA.AVES.164","808cd582f6925e3d2842d4f3d3623edc"
"https://data.biodiversitydata.nl/naturalis/specimen/ZMA.AVES.55634","808cd582f6925e3d2842d4f3d3623edc"
"https://data.biodiversitydata.nl/naturalis/specimen/RMNH.AVES.86611","808cd582f6925e3d2842d4f3d3623edc"
"https://data.biodiversitydata.nl/naturalis/specimen/RMNH.AVES.155164","808cd582f6925e3d2842d4f3d3623edc"
"https://data.biodiversitydata.nl/naturalis/specimen/RMNH.AVES.41335","808cd582f6925e3d2842d4f3d3623edc"
"https://data.biodiversitydata.nl/naturalis/specimen/RMNH.AVES.121703","808cd582f6925e3d2842d4f3d3623edc"
"https://data.biodiversitydata.nl/naturalis/specimen/RMNH.AVES.89179","808cd582f6925e3d2842d4f3d3623edc"
"https://data.biodiversitydata.nl/naturalis/specimen/ZMA.AVES.12991","808cd582f6925e3d2842d4f3d3623edc"
"https://data.biodiversitydata.nl/naturalis/specimen/RMNH.AVES.134549","808cd582f6925e3d2842d4f3d3623edc"
"https://data.biodiversitydata.nl/naturalis/specimen/ZMA.AVES.22608","808cd582f6925e3d2842d4f3d3623edc"
"https://data.biodiversitydata.nl/naturalis/specimen/RMNH.AVES.126199","808cd582f6925e3d2842d4f3d3623edc"
"https://data.biodiversitydata.nl/naturalis/specimen/RMNH.AVES.83178","808cd582f6925e3d2842d4f3d3623edc"
"https://data.biodiversitydata.nl/naturalis/specimen/RMNH.AVES.85535","808cd582f6925e3d2842d4f3d3623edc"
"https://data.biodiversitydata.nl/naturalis/specimen/ZMA.AVES.13240","808cd582f6925e3d2842d4f3d3623edc"
"https://data.biodiversitydata.nl/naturalis/specimen/RMNH.AVES.177712","808cd582f6925e3d2842d4f3d3623edc"
"https://data.biodiversitydata.nl/naturalis/specimen/RMNH.AVES.216759","808cd582f6925e3d2842d4f3d3623edc"
"https://data.biodiversitydata.nl/naturalis/specimen/RMNH.AVES.146315","808cd582f6925e3d2842d4f3d3623edc"
"https://data.biodiversitydata.nl/naturalis/specimen/RMNH.AVES.210840","808cd582f6925e3d2842d4f3d3623edc"
"https://data.biodiversitydata.nl/naturalis/specimen/RMNH.AVES.195661","808cd582f6925e3d2842d4f3d3623edc"
"https://data.biodiversitydata.nl/naturalis/specimen/ZMA.AVES.50234","808cd582f6925e3d2842d4f3d3623edc"
"https://data.biodiversitydata.nl/naturalis/specimen/RMNH.AVES.48901","808cd582f6925e3d2842d4f3d3623edc"
"https://data.biodiversitydata.nl/naturalis/specimen/RMNH.AVES.208197","808cd582f6925e3d2842d4f3d3623edc"
"https://data.biodiversitydata.nl/naturalis/specimen/ZMA.AVES.20175","808cd582f6925e3d2842d4f3d3623edc"
"https://data.biodiversitydata.nl/naturalis/specimen/RMNH.AVES.27974","808cd582f6925e3d2842d4f3d3623edc"
"https://data.biodiversitydata.nl/naturalis/specimen/RMNH.AVES.122916","808cd582f6925e3d2842d4f3d3623edc"
"https://data.biodiversitydata.nl/naturalis/specimen/ZMA.AVES.54896","808cd582f6925e3d2842d4f3d3623edc"
"https://data.biodiversitydata.nl/naturalis/specimen/RMNH.AVES.183417","808cd582f6925e3d2842d4f3d3623edc"
"https://data.biodiversitydata.nl/naturalis/specimen/RMNH.AVES.97775","808cd582f6925e3d2842d4f3d3623edc"
"https://data.biodiversitydata.nl/naturalis/specimen/RMNH.AVES.18641","808cd582f6925e3d2842d4f3d3623edc"
"https://data.biodiversitydata.nl/naturalis/specimen/ZMA.AVES.61675","808cd582f6925e3d2842d4f3d3623edc"
"https://data.biodiversitydata.nl/naturalis/specimen/RMNH.AVES.186385","808cd582f6925e3d2842d4f3d3623edc"
"https://data.biodiversitydata.nl/naturalis/specimen/ZMA.AVES.10274","808cd582f6925e3d2842d4f3d3623edc"
"https://data.biodiversitydata.nl/naturalis/specimen/RMNH.AVES.134511","808cd582f6925e3d2842d4f3d3623edc"
"https://data.biodiversitydata.nl/naturalis/specimen/RMNH.AVES.212830","808cd582f6925e3d2842d4f3d3623edc"
"https://data.biodiversitydata.nl/naturalis/specimen/RMNH.AVES.225173","808cd582f6925e3d2842d4f3d3623edc"
"https://data.biodiversitydata.nl/naturalis/specimen/RMNH.AVES.126748","808cd582f6925e3d2842d4f3d3623edc"
"https://data.biodiversitydata.nl/naturalis/specimen/ZMA.AVES.39238","808cd582f6925e3d2842d4f3d3623edc"
"https://data.biodiversitydata.nl/naturalis/specimen/RMNH.AVES.162334","808cd582f6925e3d2842d4f3d3623edc"
"https://data.biodiversitydata.nl/naturalis/specimen/RMNH.AVES.75369","808cd582f6925e3d2842d4f3d3623edc"
"https://data.biodiversitydata.nl/naturalis/specimen/RMNH.AVES.223949","808cd582f6925e3d2842d4f3d3623edc"
"https://data.biodiversitydata.nl/naturalis/specimen/ZMA.AVES.19679","808cd582f6925e3d2842d4f3d3623edc"
"https://data.biodiversitydata.nl/naturalis/specimen/RMNH.AVES.32583","808cd582f6925e3d2842d4f3d3623edc"
"https://data.biodiversitydata.nl/naturalis/specimen/RMNH.AVES.189572","808cd582f6925e3d2842d4f3d3623edc"
"https://data.biodiversitydata.nl/naturalis/specimen/RMNH.AVES.72865","808cd582f6925e3d2842d4f3d3623edc"
"https://data.biodiversitydata.nl/naturalis/specimen/RMNH.AVES.95728","808cd582f6925e3d2842d4f3d3623edc"
"https://data.biodiversitydata.nl/naturalis/specimen/RMNH.AVES.136964","808cd582f6925e3d2842d4f3d3623edc"
"https://data.biodiversitydata.nl/naturalis/specimen/RMNH.AVES.189783","808cd582f6925e3d2842d4f3d3623edc"
"https://data.biodiversitydata.nl/naturalis/specimen/ZMA.AVES.22721","808cd582f6925e3d2842d4f3d3623edc"
"https://data.biodiversitydata.nl/naturalis/specimen/RMNH.AVES.150920","808cd582f6925e3d2842d4f3d3623edc"
"https://data.biodiversitydata.nl/naturalis/specimen/RMNH.AVES.40520","808cd582f6925e3d2842d4f3d3623edc"
"https://data.biodiversitydata.nl/naturalis/specimen/RMNH.AVES.199695","808cd582f6925e3d2842d4f3d3623edc"
"https://data.biodiversitydata.nl/naturalis/specimen/RMNH.AVES.107565","808cd582f6925e3d2842d4f3d3623edc"
"https://data.biodiversitydata.nl/naturalis/specimen/RMNH.AVES.108731","808cd582f6925e3d2842d4f3d3623edc"
"https://data.biodiversitydata.nl/naturalis/specimen/RMNH.AVES.134385","808cd582f6925e3d2842d4f3d3623edc"
"https://data.biodiversitydata.nl/naturalis/specimen/RMNH.AVES.70552","808cd582f6925e3d2842d4f3d3623edc"
"https://data.biodiversitydata.nl/naturalis/specimen/RMNH.AVES.177249","808cd582f6925e3d2842d4f3d3623edc"
"https://data.biodiversitydata.nl/naturalis/specimen/RMNH.AVES.219421","808cd582f6925e3d2842d4f3d3623edc"
"https://data.biodiversitydata.nl/naturalis/specimen/ZMA.AVES.13392","808cd582f6925e3d2842d4f3d3623edc"
"https://data.biodiversitydata.nl/naturalis/specimen/RMNH.AVES.53647","808cd582f6925e3d2842d4f3d3623edc"
"https://data.biodiversitydata.nl/naturalis/specimen/RMNH.AVES.74916","808cd582f6925e3d2842d4f3d3623edc"
"https://data.biodiversitydata.nl/naturalis/specimen/RMNH.AVES.16394","808cd582f6925e3d2842d4f3d3623edc"
"https://data.biodiversitydata.nl/naturalis/specimen/RMNH.AVES.153661","808cd582f6925e3d2842d4f3d3623edc"
"https://data.biodiversitydata.nl/naturalis/specimen/RMNH.AVES.149027","808cd582f6925e3d2842d4f3d3623edc"
"https://data.biodiversitydata.nl/naturalis/specimen/RMNH.AVES.56155","808cd582f6925e3d2842d4f3d3623edc"
"https://data.biodiversitydata.nl/naturalis/specimen/ZMA.AVES.33696","808cd582f6925e3d2842d4f3d3623edc"
"https://data.biodiversitydata.nl/naturalis/specimen/RMNH.AVES.230205","808cd582f6925e3d2842d4f3d3623edc"
"https://data.biodiversitydata.nl/naturalis/specimen/RMNH.AVES.254786","808cd582f6925e3d2842d4f3d3623edc"
"https://data.biodiversitydata.nl/naturalis/specimen/ZMA.AVES.23597","808cd582f6925e3d2842d4f3d3623edc"
"https://data.biodiversitydata.nl/naturalis/specimen/RMNH.AVES.209780","808cd582f6925e3d2842d4f3d3623edc"
"https://data.biodiversitydata.nl/naturalis/specimen/ZMA.AVES.11517","808cd582f6925e3d2842d4f3d3623edc"
"https://data.biodiversitydata.nl/naturalis/specimen/ZMA.AVES.46311","808cd582f6925e3d2842d4f3d3623edc"
"https://data.biodiversitydata.nl/naturalis/specimen/RMNH.AVES.203562","808cd582f6925e3d2842d4f3d3623edc"
"https://data.biodiversitydata.nl/naturalis/specimen/RMNH.AVES.208622","808cd582f6925e3d2842d4f3d3623edc"
"https://data.biodiversitydata.nl/naturalis/specimen/RMNH.AVES.179677","808cd582f6925e3d2842d4f3d3623edc"
"https://data.biodiversitydata.nl/naturalis/specimen/ZMA.AVES.63087.b","808cd582f6925e3d2842d4f3d3623edc"
"https://data.biodiversitydata.nl/naturalis/specimen/RMNH.AVES.153305","808cd582f6925e3d2842d4f3d3623edc"
"https://data.biodiversitydata.nl/naturalis/specimen/RMNH.AVES.143308","808cd582f6925e3d2842d4f3d3623edc"
"https://data.biodiversitydata.nl/naturalis/specimen/RMNH.5070242.c","808cd582f6925e3d2842d4f3d3623edc"
"https://data.biodiversitydata.nl/naturalis/specimen/RMNH.AVES.26347","808cd582f6925e3d2842d4f3d3623edc"
"https://data.biodiversitydata.nl/naturalis/specimen/RMNH.AVES.121916","808cd582f6925e3d2842d4f3d3623edc"
"https://data.biodiversitydata.nl/naturalis/specimen/ZMA.AVES.9571","808cd582f6925e3d2842d4f3d3623edc"
"https://data.biodiversitydata.nl/naturalis/specimen/RMNH.AVES.100019","808cd582f6925e3d2842d4f3d3623edc"
"https://data.biodiversitydata.nl/naturalis/specimen/RMNH.AVES.15127","808cd582f6925e3d2842d4f3d3623edc"
"https://data.biodiversitydata.nl/naturalis/specimen/RMNH.AVES.61338","808cd582f6925e3d2842d4f3d3623edc"
"https://data.biodiversitydata.nl/naturalis/specimen/RMNH.AVES.177206","808cd582f6925e3d2842d4f3d3623edc"
"https://data.biodiversitydata.nl/naturalis/specimen/RMNH.AVES.252950","808cd582f6925e3d2842d4f3d3623edc"
"https://data.biodiversitydata.nl/naturalis/specimen/RMNH.AVES.140130","808cd582f6925e3d2842d4f3d3623edc"
"https://data.biodiversitydata.nl/naturalis/specimen/ZMA.AVES.49773","808cd582f6925e3d2842d4f3d3623edc"
"https://data.biodiversitydata.nl/naturalis/specimen/ZMA.AVES.14478","808cd582f6925e3d2842d4f3d3623edc"
"https://data.biodiversitydata.nl/naturalis/specimen/RMNH.AVES.64307","808cd582f6925e3d2842d4f3d3623edc"
"https://data.biodiversitydata.nl/naturalis/specimen/RMNH.AVES.15668","808cd582f6925e3d2842d4f3d3623edc"
"https://data.biodiversitydata.nl/naturalis/specimen/RMNH.AVES.197796","808cd582f6925e3d2842d4f3d3623edc"
"https://data.biodiversitydata.nl/naturalis/specimen/ZMA.AVES.39545","808cd582f6925e3d2842d4f3d3623edc"
