"behavior","caste","causeOfDeath","dataGeneralizations","dateIdentified","degreeOfEstablishment","establishmentMeans","eventID","externalClassificationSource","feedbackURL","identificationReferences","identificationRemarks","identificationVerificationStatus","identifiedBy","identifiedByID","informationWithheld","isPartOfOccurrenceID","lifeStage","occurrenceID","occurrenceReferences","occurrenceRemarks","occurrenceStatus","organismID","organismName","organismQuantity","organismQuantityType","organismRemarks","organismScope","pathway","recordedBy","recordedByID","reproductiveCondition","scientificName","scientificNameAuthorship","scientificNameID","sex","substrate","surveyTargetID","taxonID","taxonRank","verbatimIdentification","vernacularName","vitality"
"","","","","","","","293f063b1dec82aec0e9a080e6cf6d9b","","","","","","","","","","adult","2b9471c6877cc37b96c79a5f32801bb7","","","","","","1","individuals","","","","","","","","","","","","","","","","",""
"","","","","","","","b1522d20701e1a311fde3ea71ab56358","","","","","","","","","","egg","83696e900116e321c2dd33007054176d","","","","","","6","individuals","","","","","","","","","","","","","","","","",""
"","","","","","","","d322dee171241e67bf132a76a4243c09","","","","","","","","","","","d998cecf25dd755c8c3439381d56d899","","","","","","1","individuals","","","","","","","","","","male","","","","","","",""
"","","","","","","","18985de1ea1aed11c3e5d614f9bbf1b5","","","","","","","","","","","2f9115c6a956e2d12fe546a077697056","","","","","","","","","","","","","","","","","female","","","","","","",""
"","","","","","","","04203cf31c2db7b8ffcc4fa682f14067","","","","","","","","","","1st c.y.","93d4ae586a21dc6019eb87e125e85684","","","","","","1","individuals","","","","","","","","","","male","","","","","","",""
"","","","","","","","c256f74ebed5ed1a3146d3bfb0e81565","","","","","","","","","","adult","bc66ee2f6518f5764e758006280dbdee","","","","","","1","individuals","","","","","","","","","","female","","","","","","",""
"","","","","","","","ca18768692fdd3f3f84990253147ba12","","","","","","","","","","unknown","7b8aa9ba81daea5c0fb0ff08b9e03fec","","","","","","1","individuals","","","","","","","","","","female","","","","","","",""
"","","","","","","","163357278d2833b243e225f6d2c1f768","","","","","","","","","","egg","8f7c6df80328ca07b4db3422bc539888","","","","","","21","individuals","","","","","","","","","","","","","","","","",""
"","","","","","","","1435261d0fa728a2618b34f0b4c45d15","","","","","","","","","","unknown","64031f37e7630f4fca8e5f791ef04855","","","","","","1","individuals","","","","","","","","","","male","","","","","","",""
"","","","","","","","21a8573dd4dd21a534a69b78f2ecb67c","","","","","","","","","","egg","75fd6776aed22ba68ded715a8c12c5e8","","","","","","2","individuals","","","","","","","","","","","","","","","","",""
"","","","","","","","cad49274faccf6be5750c2b94e397e7e","","","","","","","","","","unknown","19541d0b151b70d53a734c1e8a5ecb1a","","","","","","1","individuals","","","","","","","","","","male","","","","","","",""
"","","","","","","","c5edc2973489428baec3e681eb057143","","","","","","","","","","adult","cc6cdbc6077a2aef88965793024d830a","","","","","","1","individuals","","","","","","","","","","female","","","","","","",""
"","","","","","","","8eb31da61889d29a7633ac4bb3061ae8","","","","","","","","","","","82828ee3589cc2d0c0505ad1a04384d9","","","","","","1","individuals","","","","","","","","","","male","","","","","","",""
"","","","","","","","279608dd522c4069b252c3f05b91f266","","","","","","","","","","","65acf1a2d511309bc44cf308e4d6febc","","","","","","1","individuals","","","","","","","","","","male","","","","","","",""
"","","","","","","","90d2f506b10fa0fffbe11694007dbca1","","","","","","","","","","","6ca760eaf7d1fd7561b9960334dbc490","","","","","","1","individuals","","","","","","","","","","male","","","","","","",""
"","","","","","","","6fbe4d7099e7788e2c54151464851152","","","","","","","","","","","7a0f109ebc23ef0ee8adeed574b33b25","","","","","","1","individuals","","","","","","","","","","female","","","","","","",""
"","","","","","","","d8bb90aa62cc044009e2d7a7dadc1fa1","","","","","","","","","","","eb51386a5930d36d1df3a141a2c2487f","","","","","","1","individuals","","","","","","","","","","male","","","","","","",""
"","","","","","","","ba2507138746e223ab5ddbe51e711f25","","","","","","","","","","egg","0089f6baf873023aed6eae8cfc059fa7","","","","","","1","individuals","","","","","","","","","","","","","","","","",""
"","","","","","","","8585d7ebeb7fa05c7a92ac4d4ebd2067","","","","","","","","","","unknown","13b21b9b2771ab947278518dd0ea8c76","","","","","","1","individuals","","","","","","","","","","male","","","","","","",""
"","","","","","","","a3c860bbf04dd9d2540bdcc598d80ce0","","","","","","","","","","","e5c23b13d4bc86e16aec86309d49184b","","","","","","1","individuals","","","","","","","","","","female","","","","","","",""
"","","","","","","","a92ed385f9f43ac2d974e6b208a7b6ce","","","","","","","","","","","8a08d7fbd1b3a3ffc54126d21f130518","","","","","","1","individuals","","","","","","","","","","male","","","","","","",""
"","","","","","","","4aa46a356e815b6522d70aa76898b4ef","","","","","","","","","","egg","fb1d4e59941eba2efcbe2363defdda6b","","","","","","1","individuals","","","","","","","","","","","","","","","","",""
"","","","","","","","84d26f144f49a7cd2418c93826ba185c","","","","","","","","","","juvenile","1103798ef2c9e245b236cb049f2e4a72","","","","","","1","individuals","","","","","","","","","","male","","","","","","",""
"","","","","","","","cea4cf27ac50245fdef43357910b7672","","","","","","","","","","unknown","4bfab086ca951afdcf302c557d3917f4","","","","","","1","individuals","","","","","","","","","","female","","","","","","",""
"","","","","","","","41b0a279b1814fb3daa841433de2b04c","","","","","","","","","","unknown","0275b162f8f41d245b23b631ef44712e","","","","","","1","individuals","","","","","","","","","","female","","","","","","",""
"","","","","","","","94b1db78125921737206e171c043a0c7","","","","","","","","","","","bde731543654d443f41066850c38f82d","","","","","","1","individuals","","","","","","","","","","male","","","","","","",""
"","","","","","","","173cb4dfbdd679e9c5ddfa3afdbf7779","","","","","","","","","","","3aff8d792cdbdb60fa9b2bba3ee69a35","","","","","","1","individuals","","","","","","","","","","female","","","","","","",""
"","","","","","","","99703eb567edc134d489d6e52c9dedd6","","","","","","","","","","egg","a361d4b34a78b131b53e683e57784676","","","","","","3","individuals","","","","","","","","","","","","","","","","",""
"","","","","","","","abf6408fedf216db9ab5c6078349112c","","","","","","","","","","","a6787612a4cb65bb3b9a98661cda6108","","","","","","1","individuals","","","","","","","","","","male","","","","","","",""
"","","","","","","","bb52bd5629c2917dfaa2a1671e3e776d","","","","","","","","","","","f16fc29b150c370274c7d4a8a7bcc00f","","","","","","1","individuals","","","","","","","","","","male","","","","","","",""
"","","","","","","","404d8eefc0862b7d00330e23f90bc8a9","","","","","","","","","","egg","5be58b8f2ca82cf4f813ac61c518c64c","","","","","","1","individuals","","","","","","","","","","","","","","","","",""
"","","","","","","","31828be4c843d60b530b97310d656e02","","","","","","","","","","","0de7b8232cffbc591fb2921a91b94b4d","","","","","","1","individuals","","","","","","","","","","female","","","","","","",""
"","","","","","","","7a77831ca3dee876c763396b45505ea8","","","","","","","","","","egg","1e2bc6c3d35d6523e9707ebd3d5cd92f","","","","","","1","individuals","","","","","","","","","","","","","","","","",""
"","","","","","","","339bbc1975ad00872d59f1a0f528dc4d","","","","","","","","","","","5cb2abddb071b86a6d469ca9d0c24ec1","","","","","","1","individuals","","","","","","","","","","male","","","","","","",""
"","","","","","","","a31050de4ff84fe3ff67702ee7d58114","","","","","","","","","","unknown","0867e535129f74e75e279659f3f25ac1","","","","","","1","individuals","","","","","","","","","","female","","","","","","",""
"","","","","","","","c929ec6206c06377529e562b328c524a","","","","","","","","","","","5aa206bcdd73ab72a16fede3c66bb6ca","","","","","","1","individuals","","","","","","","","","","female","","","","","","",""
"","","","","","","","03ae6ddd88c41ee51a96cdd0c90ee559","","","","","","","","","","egg","d42ab35cefe7fee62564146f50620dff","","","","","","2","individuals","","","","","","","","","","","","","","","","",""
"","","","","","","","cc326371e998110c4096d76ca0efb4f5","","","","","","","","","","","414f808062529410ed88a4d2b0a7a756","","","","","","1","individuals","","","","","","","","","","male","","","","","","",""
"","","","","","","","5a0258e86bffeb0258b3a66393066a9c","","","","","","","","","","","ebd10b3c83e9a56befe81061b83ef6d9","","","","","","1","individuals","","","","","","","","","","female","","","","","","",""
"","","","","","","","d24e37e7d260046f7e936432296c2f17","","","","","","","","","","immature","52b30a0e2c7d6e49ff7bf69026b99bef","","","","","","1","individuals","","","","","","","","","","female","","","","","","",""
"","","","","","","","03ae6ddd88c41ee51a96cdd0c90ee559","","","","","","","","","","egg","9902ca6d446ded5b6aefcbbfdc701ec8","","","","","","1","individuals","","","","","","","","","","","","","","","","",""
"","","","","","","","5763782b995655203770accbe0626e2b","","","","","","","","","","unknown","43cc8e37932ae5dea3ed0b47896fceb3","","","","","","1","individuals","","","","","","","","","","female","","","","","","",""
"","","","","","","","2219477fc4d0892f8dff141c1033bbbc","","","","","","","","","","","895640198ae86b7ec41c62ba660a3f52","","","","","","1","individuals","","","","","","","","","","","","","","","","",""
"","","","","","","","4aa46a356e815b6522d70aa76898b4ef","","","","","","","","","","","b1f552f1e33e82b662e2957299806783","","","","","","1","individuals","","","","","","","","","","male","","","","","","",""
"","","","","","","","046d54b6d57334a744d69115d209ced7","","","","","","","","","","","1a837b1076995e9dabcc9457c7283299","","","","","","1","individuals","","","","","","","","","","female","","","","","","",""
"","","","","","","","9fc1941a02ae812d286f414ec3ffad8d","","","","","","","","","","2nd cy","a23ad00503c854d4ee032e487bf1abf4","","","","","","1","individuals","","","","","","","","","","female","","","","","","",""
"","","","","","","","d9a1020a7a2630ce93da750c775a56c4","","","","","","","","","","","84f78c5abd48b480b2e6e29b93344931","","","","","","1","individuals","","","","","","","","","","male","","","","","","",""
"","","","","","","","940498fbc399d42943d9a1c9e6f0d62b","","","","","","","","","","","0bc44850f660a90616c276d2ca0d16f5","","","","","","1","individuals","","","","","","","","","","","","","","","","",""
"","","","","","","","c80f248c05df4a723182c2a59815f372","","","","","","","","","","","60973d11254d55f589846e3bf66a7d17","","","","","","1","individuals","","","","","","","","","","female","","","","","","",""
"","","","","","","","e8a3a59cd91cfd3d644adae08ef437b6","","","","","","","","","","adult","5442676021a94e0c67d7d2c9d50eef84","","","","","","1","individuals","","","","","","","","","","","","","","","","",""
"","","","","","","","eee83c90734b4f42284b9080a568f5c0","","","","","","","","","","","bf03d873c0bedea5ed0f2c37f6d08fec","","","","","","","","","","","","","","","","","male","","","","","","",""
"","","","","","","","3e06070ed18e7ee2d8e1a7535967584f","","","","","","","","","","unknown","1784c3ce5a8d5d91904f57a5aa35a103","","","","","","1","individuals","","","","","","","","","","","","","","","","",""
"","","","","","","","8c269a8372c6ae04f5db824856867a76","","","","","","","","","","adult","ba56bdc9b075b0fddfb446a35a12445c","","","","","","1","individuals","","","","","","","","","","male","","","","","","",""
"","","","","","","","ded57904e7df9e6aedffef38b3ffa8cc","","","","","","","","","","","4a73dfc3f25bf68d7ab1fb928ad62e9e","","","","","","1","individuals","","","","","","","","","","female","","","","","","",""
"","","","","","","","36e69cbcfd438ed00961af691cf80c1a","","","","","","","","","","","c5e54995fd5cca68394d86c82594171c","","","","","","","","","","","","","","","","","male","","","","","","",""
"","","","","","","","0099e041d42cdbd87f592f71b2f3a49e","","","","","","","","","","egg","29bd6ac7244564b3d1b11ea020231ac4","","","","","","1","individuals","","","","","","","","","","","","","","","","",""
"","","","","","","","103fbf635aac50b129f38c17a6aafe87","","","","","","","","","","juvenile","b5e0ff300b6cc6aeb310aef44c87707c","","","","","","1","individuals","","","","","","","","","","female","","","","","","",""
"","","","","","","","2fade5c74c527de347721fd9d67d3c01","","","","","","","","","","","2a50742ae4ec12902f54b9f23ebd1e20","","","","","","1","individuals","","","","","","","","","","female","","","","","","",""
"","","","","","","","3cc223d07a917dea0c4a5bea0f9daaf0","","","","","","","","","","unknown","0001c1e7c98c304d9bebdafa24393a93","","","","","","1","individuals","","","","","","","","","","male","","","","","","",""
"","","","","","","","41cb555fbcbb933e0bc791db3ea5c327","","","","","","","","","","unknown","1a09b82df8ae0ddcbef54e26708ea481","","","","","","1","individuals","","","","","","","","","","male","","","","","","",""
"","","","","","","","19643a925e8668048f30f08d1e9441dd","","","","","","","","","","","2bea4609d58cb13e23654a42da9471e2","","","","","","1","individuals","","","","","","","","","","male","","","","","","",""
"","","","","","","","0db4a93610821fa279ab08762fbec005","","","","","","","","","","","89b1665bfc111cad128a9e03c4e2f1a1","","","","","","1","individuals","","","","","","","","","","female","","","","","","",""
"","","","","","","","15780dcfd21e844ea53e624754045022","","","","","","","","","","","29b5e855474427ce657a68e6a112812e","","","","","","1","individuals","","","","","","","","","","female","","","","","","",""
"","","","","","","","defd3ed020ebf22180e9b27fa2071562","","","","","","","","","","","4caf100e0b9f23fe922464d84c41ac7d","","","","","","1","individuals","","","","","","","","","","male","","","","","","",""
"","","","","","","","1b2b336972bd01bd465a201483efbe9b","","","","","","","","","","","e195df469b47ff025d16d82970df7668","","","","","","1","individuals","","","","","","","","","","male","","","","","","",""
"","","","","","","","d847aea62da37d5f3bc3921b52ae8b7a","","","","","","","","","","unknown","f44c0bb7605f5eab1193df9ca32dec45","","","","","","","","","","","","","","","","","","","","","","","",""
"","","","","","","","360ea9dd67883dba8a1178de7b108f54","","","","","","","","","","","23659e2e138933698929b00bd287818c","","","","","","1","individuals","","","","","","","","","","male","","","","","","",""
"","","","","","","","0a71e4d52a8ac01ceffe9c4b0b3b1399","","","","","","","","","","","0f0213ec57be36542dfa178caf91850f","","","","","","","","","","","","","","","","","male","","","","","","",""
"","","","","","","","dcfea43936ab4d46c151c6466f448532","","","","","","","","","","","fc33f70af7d5936b51f9f1c761f85407","","","","","","1","individuals","","","","","","","","","","female","","","","","","",""
"","","","","","","","eb88d8704c950c32a553ce0a34eeb677","","","","","","","","","","","9c784c2ed55236333bafc4461b1b5399","","","","","","1","individuals","","","","","","","","","","male","","","","","","",""
"","","","","","","","f1131e9c202b8fc02d70270d110434b2","","","","","","","","","","unknown","52a2505c8f3981d8888c830b0ba52584","","","","","","1","individuals","","","","","","","","","","male","","","","","","",""
"","","","","","","","00ebe126f6b443c0843defaac6686805","","","","","","","","","","egg","a7ec07ebc82e2f4a6e6c0b3a94a942b7","","","","","","4","individuals","","","","","","","","","","","","","","","","",""
"","","","","","","","6924d983ea9dccab0e59246ec9f8e719","","","","","","","","","","juvenile","f9f724156826b3db0888adcf31ae880f","","","","","","1","individuals","","","","","","","","","","female","","","","","","",""
"","","","","","","","054fa3dcc2fe7a2925fc83104ec349a4","","","","","","","","","","","a8b28b19f21980c6a45dc8b9f9f79c16","","","","","","1","individuals","","","","","","","","","","male","","","","","","",""
"","","","","","","","d7074d01be791a650e289839547604bf","","","","","","","","","","","20fe6f8c62705874220bb45f034f2abe","","","","","","1","individuals","","","","","","","","","","female","","","","","","",""
"","","","","","","","f1b997bb7458f5a71895228366d4ad4e","","","","","","","","","","","834b5351b46339ed6dcfde827bb957b1","","","","","","1","individuals","","","","","","","","","","male","","","","","","",""
"","","","","","","","6ea2167783eac2047208121e6956303a","","","","","","","","","","unknown","6b4d2b0728175c3bce5dc997f5ceb044","","","","","","1","individuals","","","","","","","","","","female","","","","","","",""
"","","","","","","","79f522aad6f0cb386072416ef9f54d35","","","","","","","","","","","a301fcd1a175fc21778f44948ad64382","","","","","","1","individuals","","","","","","","","","","male","","","","","","",""
"","","","","","","","b86a2e2f2789e331bd329c0089578f1f","","","","","","","","","","egg","62fcf4e64b8cf08f24dcbf27de9c2fed","","","","","","1","individuals","","","","","","","","","","","","","","","","",""
"","","","","","","","38aa865d632cedadbd870867b4d11fec","","","","","","","","","","adult","31957e38afa0e582c906d85dcc63bb84","","","","","","1","individuals","","","","","","","","","","female","","","","","","",""
"","","","","","","","4aa46a356e815b6522d70aa76898b4ef","","","","","","","","","","juvenile","f53445a681004af4d35014c0b2104721","","","","","","1","individuals","","","","","","","","","","female","","","","","","",""
"","","","","","","","0bca063051b0c3c486cad57dfd7885b8","","","","","","","","","","unknown","a566f487cb93375e3a965b6c39b10572","","","","","","1","individuals","","","","","","","","","","","","","","","","",""
"","","","","","","","f7f38967e0b598f5c03900a2e67890e9","","","","","","","","","","","1c74bb527378318fa06bba3733a8e252","","","","","","1","individuals","","","","","","","","","","female","","","","","","",""
"","","","","","","","e8b487c5736876fc268553e033dcc774","","","","","","","","","","egg","e25629195c5c6bf4667ef26af17bab4c","","","","","","1","individuals","","","","","","","","","","","","","","","","",""
"","","","","","","","c8618f539c26700bcebb01dd3f0c2381","","","","","","","","","","","d8db470613114492582d4d3d9d393697","","","","","","1","individuals","","","","","","","","","","","","","","","","",""
"","","","","","","","cb3ff2a0a627e05aeec0f0cedad11474","","","","","","","","","","1st c.y.","58db49f9cfdd66db0a9cd38cd07adabd","","","","","","1","individuals","","","","","","","","","","","","","","","","",""
"","","","","","","","1bfa23a73af2e711e8d8196c9e7e6127","","","","","","","","","","","d305c857d10f5f98c3a3a2e3678b238b","","","","","","1","individuals","","","","","","","","","","","","","","","","",""
"","","","","","","","e49249c5b9f7a183b7b30e45c12935b7","","","","","","","","","","unknown","ad8dacb4958ce3220de4549f33710dfb","","","","","","1","individuals","","","","","","","","","","","","","","","","",""
"","","","","","","","31cbb3b63ff3c910cb3cd93561ec4bf0","","","","","","","","","","","e79dde4e7c154a279abf5b930a1f729c","","","","","","","","","","","","","","","","","female","","","","","","",""
"","","","","","","","36792f1ac96137e72d4ce7eea8b34281","","","","","","","","","","immature","bc4b753b7815f68f03326508fce02b2d","","","","","","1","individuals","","","","","","","","","","","","","","","","",""
"","","","","","","","70664b1c36991de268ac7a3cf45c024e","","","","","","","","","","unknown","f077668402b5c526c0e7d34f05e38887","","","","","","1","individuals","","","","","","","","","","","","","","","","",""
"","","","","","","","eb780d0b40012898f8ca773c4c0bc343","","","","","","","","","","","be978b540fa2458ae7902a7ff8d4f82e","","","","","","1","individuals","","","","","","","","","","male","","","","","","",""
"","","","","","","","aebe9f18a1a65cf76e6dbe3ace33831d","","","","","","","","","","","fb17662b7b549c5acdaa33bc098eafa6","","","","","","1","individuals","","","","","","","","","","female","","","","","","",""
"","","","","","","","78cb3f919791822ca24c904eab0a2844","","","","","","","","","","","adea61a1d836ffce1b031a3a2b412168","","","","","","1","individuals","","","","","","","","","","male","","","","","","",""
"","","","","","","","3553f42b99b69c2e99194882ee03bc1c","","","","","","","","","","unknown","2b83b33d5127781353dba4c033280a10","","","","","","1","individuals","","","","","","","","","","female","","","","","","",""
"","","","","","","","31af408bde94df3439d77a05e15bcdbd","","","","","","","","","","","2013dfec7a5f081bdd8e13deb3656722","","","","","","1","individuals","","","","","","","","","","","","","","","","",""
"","","","","","","","bc90e44e1c8f9c4f7d8155f254fe4633","","","","","","","","","","","57100b98bee14c9e24adaa8d87bb540d","","","","","","","","","","","","","","","","","male","","","","","","",""
"","","","","","","","1aa192575be54ed71b247bd8385f6f70","","","","","","","","","","","0c70e5ad1fa8c73e47cdd6fa8adac087","","","","","","1","individuals","","","","","","","","","","male","","","","","","",""
"","","","","","","","41bfd7b6fdeb0c7cf590a570f2e18b6f","","","","","","","","","","egg","5e60a767aad6b90a1a030508383bc506","","","","","","2","individuals","","","","","","","","","","","","","","","","",""
"","","","","","","","fb35f1e8567855fff9cdf47cfd639a4c","","","","","","","","","","","09a6edebf674880af1b62361af607ce3","","","","","","1","individuals","","","","","","","","","","male","","","","","","",""
"","","","","","","","132d85853d6b0d6c0f69fdb72a2de198","","","","","","","","","","","8b4154c1d7e83e45c20c498ae7996c95","","","","","","1","individuals","","","","","","","","","","male","","","","","","",""
"","","","","","","","ceb0c866dfefa82e212e1dca295b04b2","","","","","","","","","","","c3d7b98216573329fcd4bf62b32c849a","","","","","","1","individuals","","","","","","","","","","male","","","","","","",""
"","","","","","","","5d2c2f5dfe222539e88f9b775d2c4f1d","","","","","","","","","","","4ae0730865375b79ab57c1a3cda11252","","","","","","1","individuals","","","","","","","","","","female","","","","","","",""
"","","","","","","","e396d5d57a8eab68d2d2be5ede061230","","","","","","","","","","unknown","86e6b2d83ef41e98ced9dd1c1b632c08","","","","","","1","individuals","","","","","","","","","","male","","","","","","",""
"","","","","","","","9786c9537a1e9259e73a969dd475bc55","","","","","","","","","","","f0df392ac29da1131d26acb62e5efce8","","","","","","1","individuals","","","","","","","","","","male","","","","","","",""
"","","","","","","","d52d67154bf85f4ee23394034ccb78b5","","","","","","","","","","","85d43152184c0416ef1cbd23dd092832","","","","","","1","individuals","","","","","","","","","","female","","","","","","",""
"","","","","","","","10e650dcba8c70e2222020351ed89a12","","","","","","","","","","","a205ddd2de23856f605f732649c62f0e","","","","","","1","individuals","","","","","","","","","","","","","","","","",""
"","","","","","","","081ad02d5b8977d8a54eeccbb92ec866","","","","","","","","","","","1555d456a3b8ca2b3fb493b8d6c14bf8","","","","","","1","individuals","","","","","","","","","","male","","","","","","",""
"","","","","","","","dc75da07c0ac72eb401dda7e15ebba55","","","","","","","","","","unknown","2ab10653f0627c3cca403919e0cc39d6","","","","","","","","","","","","","","","","","","","","","","","",""
"","","","","","","","2783d19a8cc7ed0200a70df7acaaec3d","","","","","","","","","","unknown","e0478e8a585fb2935e883763d4b64102","","","","","","1","individuals","","","","","","","","","","female","","","","","","",""
"","","","","","","","d3851bc35d10dc3768f948186c68fcd4","","","","","","","","","","","961ab02c9259c0b8be809f898e471dd5","","","","","","1","individuals","","","","","","","","","","male","","","","","","",""
"","","","","","","","494117d6a8118be6f0f0c9e35e57a3a6","","","","","","","","","","unknown","275be897abb6cab5a5900beb0e81ee56","","","","","","1","individuals","","","","","","","","","","male","","","","","","",""
"","","","","","","","4aa46a356e815b6522d70aa76898b4ef","","","","","","","","","","","b32b9ed5110f2e6d990c1c1df15b9b4d","","","","","","1","individuals","","","","","","","","","","","","","","","","",""
"","","","","","","","66ade3202a2c6ba22ae6f4597cb8448e","","","","","","","","","","","295022213a26726d9d05b9369850afab","","","","","","1","individuals","","","","","","","","","","male","","","","","","",""
"","","","","","","","cde0f457de398532aa556b229a375281","","","","","","","","","","juvenile","0adff9498af9952bf4c4c43f0f1a6315","","","","","","1","individuals","","","","","","","","","","","","","","","","",""
"","","","","","","","fafcf269ba3b4ec43b460d14ddd6264d","","","","","","","","","","","3f6e2f2ce154918e1d40120ab6d87fe6","","","","","","1","individuals","","","","","","","","","","male","","","","","","",""
"","","","","","","","26cdb164fa6ce64f0805852dc42934c2","","","","","","","","","","","065e9e570cb2d6dca1531b673ed66250","","","","","","1","individuals","","","","","","","","","","","","","","","","",""
"","","","","","","","74dcc9f511d0a2a59fe2fb1e2596e818","","","","","","","","","","unknown","c544232587a985e6d8604cf239b53926","","","","","","1","individuals","","","","","","","","","","male","","","","","","",""
"","","","","","","","05d7535bc9717505b91f2a203d54fc26","","","","","","","","","","unknown","a78cc35fd4b8e76e288d974bd7fdc3f5","","","","","","1","individuals","","","","","","","","","","male","","","","","","",""
"","","","","","","","e169ae5103b53a405abfe6c3da2bb385","","","","","","","","","","adult","4ea5de73046b7e551f8267b2a286467c","","","","","","1","individuals","","","","","","","","","","male","","","","","","",""
"","","","","","","","4b7ca2e8c6a833d12157141644c77efe","","","","","","","","","","","4307d2205bb83780223602371930409e","","","","","","1","individuals","","","","","","","","","","","","","","","","",""
"","","","","","","","1270c08cc2658133326f7af4ec2465a7","","","","","","","","","","","0fc68e1029227e5f1b5d2d96146f94f7","","","","","","1","individuals","","","","","","","","","","female","","","","","","",""
"","","","","","","","189d61a6704f1aeb954a7c8ff50f27fc","","","","","","","","","","unknown","83bf219e70f78c34f41da9be05ec778d","","","","","","1","individuals","","","","","","","","","","male","","","","","","",""
"","","","","","","","d3e8564ad0712ac370135b9a75f2ba85","","","","","","","","","","unknown","4b5a5442e7a61f9aedb93145f0243cf5","","","","","","1","individuals","","","","","","","","","","male","","","","","","",""
"","","","","","","","f3998ff4a7ccaf99a1c853cff975ff18","","","","","","","","","","","46d234d78443968fa9ca41f8311917eb","","","","","","1","individuals","","","","","","","","","","male","","","","","","",""
"","","","","","","","bbeb071e825f7b19361463939989fa7c","","","","","","","","","","egg","1969d36f281c57b3863b4950e4b45b4c","","","","","","1","individuals","","","","","","","","","","","","","","","","",""
"","","","","","","","4112d12ee814f40f4c0804831da44261","","","","","","","","","","","75459ae3d4724deb43a355847188fc43","","","","","","1","individuals","","","","","","","","","","female","","","","","","",""
"","","","","","","","4595d08efb509e41ae3658cc17b8fa25","","","","","","","","","","","2ca1c7fc845cf13018b04e48360b1e8f","","","","","","1","individuals","","","","","","","","","","female","","","","","","",""
"","","","","","","","8551c5970638113fd17f6ffd25d48ee0","","","","","","","","","","adult","7ce1f22d98c18ea717ca96b669df2ec5","","","","","","1","individuals","","","","","","","","","","male","","","","","","",""
"","","","","","","","0672857428b32dec6f0f418a62cfdba1","","","","","","","","","","","a98cfe453e1d2e0bac796bd42e10e3a3","","","","","","1","individuals","","","","","","","","","","male","","","","","","",""
"","","","","","","","d30f60835054c1bef25a608051bb239e","","","","","","","","","","","5f36abe281eab7ee34791cdc0f1583ea","","","","","","1","individuals","","","","","","","","","","male","","","","","","",""
"","","","","","","","4cca8753bd2e691f10af5bb661bb6a12","","","","","","","","","","unknown","ee2b89683f8908ac1b2f8eac9226c23d","","","","","","1","individuals","","","","","","","","","","male","","","","","","",""
"","","","","","","","afc2574af2e9acc2ab7fb4c9faa133e3","","","","","","","","","","adult","beea5fde83362b1df25ea8e6bffd398e","","","","","","1","individuals","","","","","","","","","","","","","","","","",""
"","","","","","","","e849cc923196e31cacf4295e986b2323","","","","","","","","","","unknown","f81677ee8c92edbe734f2d955beff370","","","","","","","","","","","","","","","","","","","","","","","",""
"","","","","","","","9c0873498fe1e5cbccdf32b681a1965e","","","","","","","","","","unknown","18685efa531bb42691218116ef7e6f5f","","","","","","","","","","","","","","","","","male","","","","","","",""
"","","","","","","","d38f9ada030c26a4a8fb8f397e73eb1a","","","","","","","","","","unknown","af9f43e01a62f45cb637badb056bb251","","","","","","1","individuals","","","","","","","","","","female","","","","","","",""
"","","","","","","","de2fe92c990b7fc9b08e42b9dd1419c3","","","","","","","","","","","adf3296abef8ad281abc99cec3f58490","","","","","","1","individuals","","","","","","","","","","male","","","","","","",""
"","","","","","","","f563cf9bbea954701176606d617bcaf9","","","","","","","","","","unknown","00e439ceb6442a42941c21b6a30b9dbf","","","","","","1","individuals","","","","","","","","","","male","","","","","","",""
"","","","","","","","b69356814ea4a437ccdddac2caad1145","","","","","","","","","","","7d972bd8100b002f7e329bd2e77ed83d","","","","","","1","individuals","","","","","","","","","","male","","","","","","",""
"","","","","","","","b9101af83054139043a2be41e35efe5a","","","","","","","","","","unknown","33c636b44010f6474b2784534addbff5","","","","","","1","individuals","","","","","","","","","","male","","","","","","",""
"","","","","","","","240f9bbb7b94615c80b4b8ce10f5d8a0","","","","","","","","","","","dfc2fa876e35e5eb4cc05e8564b00024","","","","","","","","","","","","","","","","","male","","","","","","",""
"","","","","","","","e1b0b7ce76e50ea4bf53d32694af6c8a","","","","","","","","","","","6156226db8ee76ce664098a9255f17ad","","","","","","1","individuals","","","","","","","","","","female","","","","","","",""
"","","","","","","","e5397f13c9ad2a0d95dc8353dbef8298","","","","","","","","","","","f03ded32687fb0dee713e63fa3062f9e","","","","","","","","","","","","","","","","","female","","","","","","",""
"","","","","","","","32460c5332061fd71815d6039f5e9ccb","","","","","","","","","","","1ae06f21293e691b96e87fb099fea9b9","","","","","","1","individuals","","","","","","","","","","female","","","","","","",""
"","","","","","","","6ecd4d4982e16a30f9df79edbc7e0f3c","","","","","","","","","","","de1baf49145bac24d0d68606cd9cf7a1","","","","","","1","individuals","","","","","","","","","","female","","","","","","",""
"","","","","","","","bc9954db72130d88ecc0b09490bc034d","","","","","","","","","","egg","0c593f1d2f22fde25fe3892d1c3bd715","","","","","","2","individuals","","","","","","","","","","","","","","","","",""
"","","","","","","","6dd517c9d76f6e8027eb96e2635f88e8","","","","","","","","","","","825aab76e250076711daf35785daf5f6","","","","","","1","individuals","","","","","","","","","","male","","","","","","",""
"","","","","","","","254aa99e8d14cd309ff341eef09de799","","","","","","","","","","unknown","796f562f50da62f7b66f16aad38e84ed","","","","","","1","individuals","","","","","","","","","","male","","","","","","",""
"","","","","","","","52edf883b03bf56242ff1b4b22917b86","","","","","","","","","","adult","acf2e059fb4c0d6737f8cf135892adfd","","","","","","","","","","","","","","","","","","","","","","","",""
"","","","","","","","c63834e07b4baa6056a915de9ab16156","","","","","","","","","","egg","8e9426e29aac3b0d09f04e9e33e1745b","","","","","","10","individuals","","","","","","","","","","","","","","","","",""
"","","","","","","","dfb9118a36f2555b2b4a923b2853e0ab","","","","","","","","","","","c8a737cd5be4477e532758b0e0681bc9","","","","","","1","individuals","","","","","","","","","","female","","","","","","",""
"","","","","","","","6dfafd841a9dcd05cef69cbb19365272","","","","","","","","","","unknown","e5c4926a48621a8397fc580a7febf2c4","","","","","","1","individuals","","","","","","","","","","male","","","","","","",""
"","","","","","","","ed2bc905016d618de496946ccbd46aa2","","","","","","","","","","unknown","7b4f22ad989a239c1b4a8975c3b7ee20","","","","","","1","individuals","","","","","","","","","","male","","","","","","",""
"","","","","","","","9e22435138e5d6bf701dca43432049a4","","","","","","","","","","egg","a904a2c70907d95bd9adfd8a12dc65dd","","","","","","3","individuals","","","","","","","","","","","","","","","","",""
"","","","","","","","49723b5656ee550bbbdac286632d1d96","","","","","","","","","","","8698a88d191d1b2889af6c6c3a9a842b","","","","","","1","individuals","","","","","","","","","","female","","","","","","",""
"","","","","","","","47e29df40126b7ffcf02e621d86d4be1","","","","","","","","","","juvenile","98882ef6c0d98351147e605033d472f4","","","","","","","","","","","","","","","","","female","","","","","","",""
"","","","","","","","dce3566839487ad01aa7c88d80ab3fab","","","","","","","","","","","6284273bfb065f50947249266f25db34","","","","","","1","individuals","","","","","","","","","","male","","","","","","",""
"","","","","","","","4918314cf80409dc4c0f9a0df81ef544","","","","","","","","","","","a051941b90a7bbbf8047be116f673541","","","","","","1","individuals","","","","","","","","","","male","","","","","","",""
"","","","","","","","5f65eb11cb40f6efe99c876cbfc6bf49","","","","","","","","","","","aa94df8e9b664d54dbb8e7aa532df668","","","","","","1","individuals","","","","","","","","","","female","","","","","","",""
"","","","","","","","696f485d1b082645d83845ff31adf7bf","","","","","","","","","","egg","af13aa62947e16034dd4ce623e2c35f9","","","","","","6","individuals","","","","","","","","","","","","","","","","",""
"","","","","","","","432f58320d0f5a3681e22bc80e765251","","","","","","","","","","egg","bf3a53520a9a6ec35e6d9bcff99f6661","","","","","","4","individuals","","","","","","","","","","","","","","","","",""
"","","","","","","","17c0a47c26c978e74e0749e40ce45037","","","","","","","","","","unknown","e66c74b6532788f3f3c2fb2f3a1c1893","","","","","","1","individuals","","","","","","","","","","male","","","","","","",""
"","","","","","","","446f44663aecd1f7b6477a024cb3aa97","","","","","","","","","","unknown","03f0559dda3c08b7bbbe9c67a117038a","","","","","","1","individuals","","","","","","","","","","male","","","","","","",""
"","","","","","","","3a121efefe2fe443316fc7b20a1d2612","","","","","","","","","","","b69989694e22b68fb05b692ede983849","","","","","","1","individuals","","","","","","","","","","female","","","","","","",""
"","","","","","","","1e8cbade32581ef3ea831cd870bc7a60","","","","","","","","","","adult","bfada37db82eb6d105fd10f267ab7226","","","","","","1","individuals","","","","","","","","","","male","","","","","","",""
"","","","","","","","94aae261fe613700e42301bacfe1f944","","","","","","","","","","","1dff81e03b523b068d57c92a4f0e78c7","","","","","","1","individuals","","","","","","","","","","male","","","","","","",""
"","","","","","","","51b7ee8b6ea38b43ad0cffba9276cc6d","","","","","","","","","","","108f4074306857f72a7744232ca65771","","","","","","1","individuals","","","","","","","","","","male","","","","","","",""
"","","","","","","","7e88187a906d0235e380a337e4677254","","","","","","","","","","","9937299e37abd5a1c84191b21bad398c","","","","","","1","individuals","","","","","","","","","","male","","","","","","",""
"","","","","","","","156d9960a76b297cda04f0e792fc80d3","","","","","","","","","","","1d39e0c07334e2cecaed05965dc35479","","","","","","1","individuals","","","","","","","","","","","","","","","","",""
"","","","","","","","0f95e48e3235ff621e929df65ef330b4","","","","","","","","","","egg","97c6a7fed95788f1c96fc52d77871cd3","","","","","","2","individuals","","","","","","","","","","","","","","","","",""
"","","","","","","","58abec09910ac443e398d089650d6be0","","","","","","","","","","unknown","15681ace659ad2832a227c6fe6ac9db5","","","","","","1","individuals","","","","","","","","","","","","","","","","",""
"","","","","","","","73161cda5ba37a7742e151c66c910926","","","","","","","","","","","912e9dc78b35c262f2840311a36a3591","","","","","","1","individuals","","","","","","","","","","male","","","","","","",""
"","","","","","","","8c283f6cff107efc48494b3af5873120","","","","","","","","","","juvenile","8fc79635c4344735b6fd228395fbf40b","","","","","","1","individuals","","","","","","","","","","female","","","","","","",""
"","","","","","","","e46934be99a785c3da803dc1ac37ee95","","","","","","","","","","","23bc2d1d04ace18b04cb29cdd5673c0d","","","","","","1","individuals","","","","","","","","","","female","","","","","","",""
"","","","","","","","622f5d36a2709ea7f80beb5c0a976fbd","","","","","","","","","","egg","3397ac156fdc29420a9a75fd25fdfbae","","","","","","2","individuals","","","","","","","","","","","","","","","","",""
"","","","","","","","208f2140db87a11d4ef107e0e43f00fd","","","","","","","","","","unknown","8f698c2fec7cf724ae6f0a6adf8fef88","","","","","","","","","","","","","","","","","female","","","","","","",""
"","","","","","","","74e9a107598ea0ed5af5e349c50deae6","","","","","","","","","","","da80c2989cc637fe9d24619f572039bd","","","","","","1","individuals","","","","","","","","","","male","","","","","","",""
"","","","","","","","8ae86df8a9a32c3d2f0a1b3e10fb77f7","","","","","","","","","","","7961ea9578d97ca24d9df09e173de28a","","","","","","1","individuals","","","","","","","","","","female","","","","","","",""
"","","","","","","","385f5dfbbea284b2c5d58f3413db4e73","","","","","","","","","","egg","26e3c9956e26396d2f42c21d4ebd9974","","","","","","1","individuals","","","","","","","","","","","","","","","","",""
"","","","","","","","48221a923bb9f79f5d5bc0b5af341c50","","","","","","","","","","","77ffdc401bdb39e7b2f7b7cec446bfd2","","","","","","1","individuals","","","","","","","","","","female","","","","","","",""
"","","","","","","","36992e5685a8b9d2bb4ea9f4c0301de0","","","","","","","","","","","a848f84320a2e9bd40927c86a504e5c2","","","","","","1","individuals","","","","","","","","","","female","","","","","","",""
"","","","","","","","1c3e44cba8ccabc09c059bcf6d7d8b79","","","","","","","","","","","edcb23667028475c2dcf9ff566a4493e","","","","","","1","individuals","","","","","","","","","","male","","","","","","",""
"","","","","","","","f7cd8b0c9285b0185dd998f5d646ae46","","","","","","","","","","","a03eedbc52127a57877b00e741062485","","","","","","","","","","","","","","","","","female","","","","","","",""
"","","","","","","","b97ec8e3de2f0e980d6935e908296e80","","","","","","","","","","","4558645f8aa8520612bb49bdd251d9ce","","","","","","1","individuals","","","","","","","","","","female","","","","","","",""
"","","","","","","","557e577fb92b747b997e54fd0b91d349","","","","","","","","","","egg","e2a76d0e4271256bac3ea9f0c5fc1f86","","","","","","2","individuals","","","","","","","","","","","","","","","","",""
"","","","","","","","b832c3d2bcbcc08c7ea2a2a2903bbdec","","","","","","","","","","","3c9999358bcf7d0d9d3f802f90618ab2","","","","","","1","individuals","","","","","","","","","","male","","","","","","",""
"","","","","","","","c8cfea046e69b41ab68bdbb49c39c3e4","","","","","","","","","","egg","b6c10f0b3a43203168e46c30bc808c10","","","","","","","","","","","","","","","","","","","","","","","",""
"","","","","","","","c9b34e60f96374f1f3268b8d7268d143","","","","","","","","","","unknown","264111345754cd7694dfd9082dcc724c","","","","","","1","individuals","","","","","","","","","","female","","","","","","",""
"","","","","","","","fbb43c7ae0eeb32136fddb5ce29c6e71","","","","","","","","","","","6cc7803623f327625e1ae95dd83de566","","","","","","1","individuals","","","","","","","","","","male","","","","","","",""
"","","","","","","","df60d9432d141e6420cb6bf7a81d23b6","","","","","","","","","","","c1eb2906d62b5014e04b248830b8b18b","","","","","","1","individuals","","","","","","","","","","female","","","","","","",""
"","","","","","","","86fef09af50131f2b3143bbb3fa94818","","","","","","","","","","egg","c0e47e3e38d664b4a41ab47c650422fd","","","","","","2","individuals","","","","","","","","","","","","","","","","",""
"","","","","","","","23fde573b0c3f2d26883dcedce95827c","","","","","","","","","","","c4436ea01308025617db4f414fc678a7","","","","","","1","individuals","","","","","","","","","","","","","","","","",""
"","","","","","","","bc538cf5669c1e7f3550cbdd2f1711ee","","","","","","","","","","egg","0f2f678f06e062729357f0a1ed6ad1ba","","","","","","1","individuals","","","","","","","","","","","","","","","","",""
"","","","","","","","34359e9b5f22e16b9aefad3c249f569b","","","","","","","","","","unknown","a83bf77dba58592f0792670e8b71a337","","","","","","1","individuals","","","","","","","","","","female","","","","","","",""
"","","","","","","","be8770578422aba3431cff8c3f455e0e","","","","","","","","","","","443497c2c21709649b6d4969308c9d1c","","","","","","","","","","","","","","","","","male","","","","","","",""
"","","","","","","","b1d7f9cc974076367ce61c6b311dd94e","","","","","","","","","","egg","158276ce73cead5083dae8076c98a1bb","","","","","","2","individuals","","","","","","","","","","","","","","","","",""
"","","","","","","","59853614db89352c195255330d04c669","","","","","","","","","","unknown","26d216e93d93c2e8a31ff3f2004144db","","","","","","1","individuals","","","","","","","","","","male","","","","","","",""
"","","","","","","","1feca379e158386bc5d064b65081bcc2","","","","","","","","","","juvenile","3a3cabe72ff88cff0c4683640d4c8433","","","","","","1","individuals","","","","","","","","","","male","","","","","","",""
"","","","","","","","4ed8349dd140b7bb3882c77a9e78f4b8","","","","","","","","","","egg","b951450dc845ac25e959ec5942f941e0","","","","","","2","individuals","","","","","","","","","","","","","","","","",""
"","","","","","","","236a7d3e8789170b94ce2efe0c878508","","","","","","","","","","adult","e7ac4e68b3d894499b5292aff92f22bc","","","","","","1","individuals","","","","","","","","","","male","","","","","","",""
"","","","","","","","607891b98f9c2d7895d087229730103a","","","","","","","","","","unknown","9a6224fd7bc08e442b065274df8fe3af","","","","","","1","individuals","","","","","","","","","","","","","","","","",""
"","","","","","","","12859f70b8d2c06cf4bf272a014e8637","","","","","","","","","","","95dee086ee35b26ab6d3fc6c525dfff2","","","","","","1","individuals","","","","","","","","","","","","","","","","",""
"","","","","","","","84bf20cf35d1c6c5195082e038d1b195","","","","","","","","","","","76a1896b831f27a4cc2d6bec84754d7e","","","","","","","","","","","","","","","","","female","","","","","","",""
"","","","","","","","4e0049db5dd83e5d28fa4bfb86ad528e","","","","","","","","","","egg","891ea76d65af3c1c333f81cb1fca9206","","","","","","2","individuals","","","","","","","","","","","","","","","","",""
"","","","","","","","5adfe5177f64627fe64b2fef56bf4e9d","","","","","","","","","","","129abf21d9d915c7eafeac48eb1e2051","","","","","","1","individuals","","","","","","","","","","male","","","","","","",""
"","","","","","","","a50466216c0a528b69b5266984766df7","","","","","","","","","","adult","e2a8cbb631b13064d3ae6ebcd6db9e83","","","","","","1","individuals","","","","","","","","","","male","","","","","","",""
"","","","","","","","05525eca46e1a9f597e22c78f48e9a29","","","","","","","","","","unknown","f0a2ec0dfbe12a1db7fee36db5a46d3a","","","","","","1","individuals","","","","","","","","","","male","","","","","","",""
"","","","","","","","10d3ec8b29bd6ea6ed71a8296d544e80","","","","","","","","","","","f99c7aaee44842bbcf7d0b11b63dd8cc","","","","","","1","individuals","","","","","","","","","","female","","","","","","",""
"","","","","","","","250c31ae0d56e40d66816631a42fd7f0","","","","","","","","","","unknown","b6123fa3f034aa68bc15bcd71cb3c543","","","","","","1","individuals","","","","","","","","","","female","","","","","","",""
"","","","","","","","ec8b20f032b3404563aa5dd78633a3ab","","","","","","","","","","","0a096fe60c55ae83723b0a21b5cb12a5","","","","","","1","individuals","","","","","","","","","","male","","","","","","",""
"","","","","","","","f3e9f38c342ed9f30cb04c89d98eb498","","","","","","","","","","","033bf29a58d4b97ed73406a5d1244037","","","","","","1","individuals","","","","","","","","","","male","","","","","","",""
"","","","","","","","e84c2a26f72ba84cb505ee919b1526da","","","","","","","","","","","d17267d47391c6fdb69e1283c26dfe44","","","","","","1","individuals","","","","","","","","","","male","","","","","","",""
"","","","","","","","42c07808159b25c6af774c16a4aafe30","","","","","","","","","","unknown","729eb8a4bda537b8db4f5136fa5cffc9","","","","","","1","individuals","","","","","","","","","","male","","","","","","",""
"","","","","","","","ee7b585b25903f836ee2191c17532814","","","","","","","","","","egg","d55c7908ef1a586a0a8997eb84319275","","","","","","3","individuals","","","","","","","","","","","","","","","","",""
"","","","","","","","7841bb76da1d4944877629e9acfc9f7c","","","","","","","","","","juvenile","54ce46682151ea88c259eba052e82e95","","","","","","1","individuals","","","","","","","","","","male","","","","","","",""
"","","","","","","","54fd2592b2d26d6a373f393dc1f9c996","","","","","","","","","","","4dacfaafec55de2e11bb7a2ad4d8e777","","","","","","1","individuals","","","","","","","","","","male","","","","","","",""
"","","","","","","","0c5cc32d96abb9dc7188966d72e45bb3","","","","","","","","","","","6e21457b862fa9641d784ea01c0ec97d","","","","","","1","individuals","","","","","","","","","","female","","","","","","",""
"","","","","","","","1abbcc1146c307c2e83b907886df2b41","","","","","","","","","","","04cf6db99a60ec104f97e4f836b2dded","","","","","","1","individuals","","","","","","","","","","","","","","","","",""
"","","","","","","","f534ccc4f4aa0a266fc612eafc02bd25","","","","","","","","","","","50ca583c62b21d61360b2fdd267f21d1","","","","","","1","individuals","","","","","","","","","","male","","","","","","",""
"","","","","","","","d243eae5d9d5aefedf11ffc5f4601fea","","","","","","","","","","","97863fa386d69e87d35dff9c2e449d0f","","","","","","1","individuals","","","","","","","","","","","","","","","","",""
"","","","","","","","8a0f97594dbdafc1d9d900eaf3d45376","","","","","","","","","","unknown","3ecf2e342c24963d0d3e7d37f736c547","","","","","","1","individuals","","","","","","","","","","female","","","","","","",""
"","","","","","","","96c35bb432ee4830e0b86202d9edae93","","","","","","","","","","","7aea4ecf208bca3a1a030fddd2242a8b","","","","","","1","individuals","","","","","","","","","","male","","","","","","",""
"","","","","","","","a02de7b865dc78ae52ecf5f0e0d326ce","","","","","","","","","","","40a4b057dbee010ad3775f58bf912bab","","","","","","1","individuals","","","","","","","","","","male","","","","","","",""
"","","","","","","","10a9366e53b95d614c7de950b3a57f8d","","","","","","","","","","unknown","7eef11802935c795eb2e0043339ac676","","","","","","1","individuals","","","","","","","","","","male","","","","","","",""
"","","","","","","","652bcb152f9a6cc36c23a0b02afb1894","","","","","","","","","","egg","78cfafe1764e47e6b50c02c5f7a66d80","","","","","","2","individuals","","","","","","","","","","","","","","","","",""
"","","","","","","","7c23d51fe929d1ed555a3b2b02ae6e57","","","","","","","","","","","c280ccc294966e57e5ca757886da525b","","","","","","1","individuals","","","","","","","","","","male","","","","","","",""
"","","","","","","","51e58d0f60f8574e57c0ac3a0bca52c0","","","","","","","","","","immature","0462b333874daa5d2b539c32e4af02aa","","","","","","1","individuals","","","","","","","","","","male","","","","","","",""
"","","","","","","","2140c20afd441915584f6b98beb7c5d4","","","","","","","","","","egg","337003532059113e0984ffd7c6bb9aee","","","","","","1","individuals","","","","","","","","","","","","","","","","",""
"","","","","","","","ae46ea65b99677a8304e1b7fd7ef2b69","","","","","","","","","","egg","7671d1da743ea90c5c3ac8536b5d70d9","","","","","","2","individuals","","","","","","","","","","","","","","","","",""
"","","","","","","","d5fba46e1210202abd54b54b668cfb93","","","","","","","","","","unknown","927fc6acb33dfcbd7957d48da17584e4","","","","","","1","individuals","","","","","","","","","","female","","","","","","",""
"","","","","","","","77afa11a18235ce284b1ec82ae19620c","","","","","","","","","","","0358c7a027e9e121c3979c52651ddb8a","","","","","","1","individuals","","","","","","","","","","male","","","","","","",""
"","","","","","","","94757bc571a054decbf32bd7b08be0c5","","","","","","","","","","adult","3eef5fdfdedf52d908990661a16ba477","","","","","","1","individuals","","","","","","","","","","","","","","","","",""
"","","","","","","","96857098e11f7e78805156ab484c8a5b","","","","","","","","","","","031cfe7187d603b4dceb4fcfa9901c73","","","","","","1","individuals","","","","","","","","","","male","","","","","","",""
"","","","","","","","94759e04f921bd04c4e6c90bb919b0e8","","","","","","","","","","","345a156fe936b818ba18c300731e975a","","","","","","1","individuals","","","","","","","","","","male","","","","","","",""
"","","","","","","","d2fc8125e0e85ffca03e63a706227bfe","","","","","","","","","","egg","b1f17cb079ae8424c7fd2ae754850d25","","","","","","1","individuals","","","","","","","","","","","","","","","","",""
"","","","","","","","def69e83f55a7f8a2edeefef63fe2256","","","","","","","","","","","ce95dd6ccc4f067b860f899e65d017b5","","","","","","1","individuals","","","","","","","","","","","","","","","","",""
"","","","","","","","347e5d12f0b271b9622dada884b66e9f","","","","","","","","","","unknown","ad1d9ceb0ea0ed1afd9dbc051382d91e","","","","","","","","","","","","","","","","","female","","","","","","",""
"","","","","","","","44e7fb1d23529ea7143e58f8488ede16","","","","","","","","","","adult","cded7a09ee31a09da6f85648f11a408c","","","","","","1","individuals","","","","","","","","","","","","","","","","",""
"","","","","","","","07857376c65ca01dc199fae9340d840d","","","","","","","","","","unknown","19f91604ebfb528b515ed829a10e95aa","","","","","","1","individuals","","","","","","","","","","female","","","","","","",""
"","","","","","","","ee922c50444baa6d7fb07ecd67226300","","","","","","","","","","","7fc11d3411990dcadbece721d12dd1f9","","","","","","1","individuals","","","","","","","","","","female","","","","","","",""
"","","","","","","","41e60832f8d7266f227f216d438d58e2","","","","","","","","","","","ecbba1a2fc65aa0d5ea416fe3df1dfd1","","","","","","1","individuals","","","","","","","","","","","","","","","","",""
"","","","","","","","b0b30e0e99b7b4262cf9c84c4e6a959f","","","","","","","","","","egg","982f503a01bd8b9106f7bc0867d91095","","","","","","3","individuals","","","","","","","","","","","","","","","","",""
"","","","","","","","00632244f71d7cb870e0b847483f0c6a","","","","","","","","","","","e0ef14431a74c51f528c68af40560967","","","","","","1","individuals","","","","","","","","","","male","","","","","","",""
"","","","","","","","d6f5419580e92cd09c26336a13013c33","","","","","","","","","","","c6f1111cefc827c99abbdddeafc91037","","","","","","1","individuals","","","","","","","","","","male","","","","","","",""
"","","","","","","","0084b02170713ccbe7015a78c51f5064","","","","","","","","","","adult","8cee9e57be0890e8f19fb2b8023152a2","","","","","","1","individuals","","","","","","","","","","male","","","","","","",""
"","","","","","","","5e855fc297481ced4783a1fd5512d96a","","","","","","","","","","","b27bf48358310e4238cacdb56140d401","","","","","","1","individuals","","","","","","","","","","male","","","","","","",""
"","","","","","","","e30f1b79d7f13b33dd4e7aaa21495db9","","","","","","","","","","egg","4de6dde20f58d14a84a550b2fe307d3d","","","","","","2","individuals","","","","","","","","","","","","","","","","",""
"","","","","","","","02704c7e58bdeed328111cc8cf81c092","","","","","","","","","","","1de098a1ccd837d22e3687733f3dab4f","","","","","","1","individuals","","","","","","","","","","male","","","","","","",""
"","","","","","","","a0ca0f09ab146206202bddeb227441f6","","","","","","","","","","","d72ecfa4884b0bd59ec3cf0f876e1f64","","","","","","","","","","","","","","","","","female","","","","","","",""
"","","","","","","","cdd9d039002cef9ee2068f0dd34feafe","","","","","","","","","","adult","bbab1b798f373ff549d75348a86aba40","","","","","","1","individuals","","","","","","","","","","","","","","","","",""
"","","","","","","","599547e1397aa1bcf9c89229f3e04927","","","","","","","","","","adult","23ed3eaf56e874615c01b1191df49d92","","","","","","1","individuals","","","","","","","","","","male","","","","","","",""
"","","","","","","","c97dad0415f3217179e2b9545fc02abc","","","","","","","","","","egg","02540452e2e8b51119abca8e9ab4f6e1","","","","","","1","individuals","","","","","","","","","","","","","","","","",""
"","","","","","","","1b650bbe8d12e6ad5304c74403ee0f75","","","","","","","","","","egg","5a4943a04ff51193d9f9533ab893115d","","","","","","3","individuals","","","","","","","","","","","","","","","","",""
"","","","","","","","a0704cb5dd9b1019c630fb9b2d4b712d","","","","","","","","","","unknown","cd329ba2f912606235349592f8dc1129","","","","","","1","individuals","","","","","","","","","","","","","","","","",""
"","","","","","","","b1b9e9b3586eff042cb740f35b4f1018","","","","","","","","","","","634866bf959d2abe88f06d635ddabe61","","","","","","1","individuals","","","","","","","","","","male","","","","","","",""
"","","","","","","","ee1191b19ebfc7c5912e2b01a8d0f6b6","","","","","","","","","","","f7123a7b2a4fd9e1820615b56cc84724","","","","","","1","individuals","","","","","","","","","","male","","","","","","",""
"","","","","","","","cbab26565092f2b960f59ac544f7a08d","","","","","","","","","","egg","d28198c0d6c6c84bce7eb830a186dd34","","","","","","7","individuals","","","","","","","","","","","","","","","","",""
"","","","","","","","cda277ff224869e368705a62d3aaccc8","","","","","","","","","","","e234c819a4048933133381afdae9e941","","","","","","1","individuals","","","","","","","","","","","","","","","","",""
"","","","","","","","488ceb12f5ae04936e0bce53307d8927","","","","","","","","","","","81a878ec59217dfb303a376b1cba34dd","","","","","","1","individuals","","","","","","","","","","male","","","","","","",""
"","","","","","","","3bb838ab1de2afb4dc97f7af59bb3346","","","","","","","","","","","39fa60d340eb8f10ac075dd5d29ea38b","","","","","","1","individuals","","","","","","","","","","male","","","","","","",""
"","","","","","","","63d729425bc171e7e956327f527b4be3","","","","","","","","","","unknown","87582e918a6da2089d99ff0bce0eb53f","","","","","","1","individuals","","","","","","","","","","female","","","","","","",""
"","","","","","","","b7a0d6e6c0a60dfb684e0abcc436de66","","","","","","","","","","","7fae78cb49e4078651d5cd13983508bc","","","","","","1","individuals","","","","","","","","","","female","","","","","","",""
"","","","","","","","fb8adfcfc70b29c0e24d0e75c517be11","","","","","","","","","","unknown","764af843065b14589bbf4a6876c0596e","","","","","","","","","","","","","","","","","female","","","","","","",""
"","","","","","","","6e76002eebc85630379a34b20b02f175","","","","","","","","","","unknown","13cd0adc9aa611ebaa7344f3428f3bdf","","","","","","1","individuals","","","","","","","","","","male","","","","","","",""
"","","","","","","","6a8777cb0702c53142979825af8093a3","","","","","","","","","","","7917b30f31f0e83d8b1038e5d40544e4","","","","","","1","individuals","","","","","","","","","","female","","","","","","",""
"","","","","","","","0a9ebef6e5fc81dd91e96ce68ab82be9","","","","","","","","","","unknown","cbacf9d09b3f626800280f2198e2c835","","","","","","1","individuals","","","","","","","","","","male","","","","","","",""
"","","","","","","","5b62974e7791a4ba56e8ccc9c6dd7d4f","","","","","","","","","","unknown","e0d8b7a5851879112997f01dbfbda64a","","","","","","1","individuals","","","","","","","","","","male","","","","","","",""
"","","","","","","","21059f9a6d9f97ce85f0de1ba3e4b733","","","","","","","","","","","2e1d40f970007e921ae434e621bb84f9","","","","","","1","individuals","","","","","","","","","","male","","","","","","",""
"","","","","","","","8bfedbd5dc61ac1346a670213e2ac93d","","","","","","","","","","","8b0a87514b30f46773ab2c645804d93d","","","","","","1","individuals","","","","","","","","","","male","","","","","","",""
"","","","","","","","45226a14a7d1958145f24a78f486742c","","","","","","","","","","egg","b12a63c3b0fb15d9a085c581a62bec8c","","","","","","3","individuals","","","","","","","","","","","","","","","","",""
"","","","","","","","93d444820204f4b858cb5dbbf2f99592","","","","","","","","","","adult","9a70da9061b0ad72b42ebeb6d699391d","","","","","","1","individuals","","","","","","","","","","male","","","","","","",""
"","","","","","","","d0cc7d6e2ba151e3f47e652cbf7d1782","","","","","","","","","","","22af50eee0e0b57aeaea2217c5952e78","","","","","","1","individuals","","","","","","","","","","male","","","","","","",""
"","","","","","","","f63fbbbb71d2770440e450b0564b25da","","","","","","","","","","egg","2e2e5ba031180eb43814ceb19501ee14","","","","","","6","individuals","","","","","","","","","","","","","","","","",""
"","","","","","","","e2ae0421e92742e615cdfba79ec342c7","","","","","","","","","","","deee5bfab5c018520f0ff6789448b39d","","","","","","1","individuals","","","","","","","","","","male","","","","","","",""
"","","","","","","","84a2571528f9410d8ca4d0a4f408d850","","","","","","","","","","unknown","7a5c69c86c281124a8470dbdb4b0d492","","","","","","1","individuals","","","","","","","","","","male","","","","","","",""
"","","","","","","","de1a6e00ca496a2878bdf32096581d8f","","","","","","","","","","","32b592c6c4a0d1df633ff36008c6a6f9","","","","","","1","individuals","","","","","","","","","","female","","","","","","",""
"","","","","","","","38e799914ea2c782dc163aa9bdc0a097","","","","","","","","","","","f48ab7a9724bf26c1795cf8aa1376338","","","","","","1","individuals","","","","","","","","","","female","","","","","","",""
"","","","","","","","a94af49a2655f2f76fc7a1a1043d24a0","","","","","","","","","","","2f6d9a0ca28b377d7c63fb8f9b31bec3","","","","","","1","individuals","","","","","","","","","","male","","","","","","",""
"","","","","","","","6fe22cf7119058da187155b2a31b773d","","","","","","","","","","egg","fad14374a9f8355476cf74ceb009f1a1","","","","","","5","individuals","","","","","","","","","","","","","","","","",""
"","","","","","","","7f9dc6bd9a70bbd3190345eb02359e9b","","","","","","","","","","","c31c79f18e1c54232229f166fff0adfc","","","","","","35","individuals","","","","","","","","","","male","","","","","","",""
"","","","","","","","4c656f79ff0170dc06a873ed7d6f9db1","","","","","","","","","","","06ebc780b9c7fc178f64e6bc749d326d","","","","","","1","individuals","","","","","","","","","","female","","","","","","",""
"","","","","","","","1a068e070781a1583ff48e7278cf6a69","","","","","","","","","","egg","5fb1cb4d703ad913d4085a81db3e2ac9","","","","","","4","individuals","","","","","","","","","","","","","","","","",""
"","","","","","","","37e4c32cca2ec82dbb41374b7b616457","","","","","","","","","","unknown","7aa028ca6e63ea2fcf3b6ec6af8e6273","","","","","","1","individuals","","","","","","","","","","male","","","","","","",""
"","","","","","","","839c6341fc7da5a0dbaf7b5b8114c6cb","","","","","","","","","","juvenile","0f62cfddd498965ee65e7cac86588ca9","","","","","","1","individuals","","","","","","","","","","female","","","","","","",""
"","","","","","","","e3e091c192d100a059280a18e6b6d589","","","","","","","","","","egg","4927394eda43429e96131bebcd880e54","","","","","","4","individuals","","","","","","","","","","","","","","","","",""
"","","","","","","","32561215ca9fd15dd6ed43b813742f60","","","","","","","","","","","02e164f6d92cc27c4b362d0d75e4544d","","","","","","1","individuals","","","","","","","","","","","","","","","","",""
"","","","","","","","9211131f5eeff58c151f76f04450713b","","","","","","","","","","egg","5925894b4eed628e2c6ad8712bf3e5c4","","","","","","3","individuals","","","","","","","","","","","","","","","","",""